folderClosed	platform/o.n.swing.plaf/src/org/netbeans/swing/plaf/resources/hidpi-folder-closed.png
folderClosed	apisupport/apisupport.ant/src/org/netbeans/modules/apisupport/project/resources/defaultFolder.gif
folderClosed	contrib/groovy.grailsproject/src/org/netbeans/modules/groovy/grailsproject/resources/defaultFolder.gif
folderClosed	enterprise/j2ee.earproject/src/org/netbeans/modules/j2ee/earproject/ui/resources/folder.gif
folderClosed	enterprise/web.monitor/src/org/netbeans/modules/web/monitor/client/icons/folder.gif
folderClosed	extide/gradle/src/org/netbeans/modules/gradle/resources/defaultFolder.gif
folderClosed	ide/db/src/org/netbeans/modules/db/resources/defaultFolder.gif
folderClosed	ide/editor/src/org/netbeans/modules/editor/resources/completion/defaultFolder.gif
folderClosed	ide/lsp.client/src/org/netbeans/modules/lsp/client/bindings/icons/folder.gif
folderClosed	ide/xml.multiview/src/org/netbeans/modules/xml/multiview/resources/folder.gif
folderClosed	java/debugger.jpda.ui/src/org/netbeans/modules/debugger/jpda/resources/package.gif
folderClosed	java/form/src/org/netbeans/modules/form/resources/package.gif
folderClosed	java/java.openjdk.project/src/org/netbeans/modules/java/openjdk/project/resources/nativeFilesFolder.gif
folderClosed	java/maven/src/org/netbeans/modules/maven/defaultFolder.gif
folderClosed	php/php.api.phpmodule/src/org/netbeans/modules/php/api/ui/resources/defaultFolder.gif
folderClosed	php/php.project/src/org/netbeans/modules/php/project/ui/resources/folder.gif
folderClosed	platform/openide.loaders/src/org/openide/loaders/defaultFolder.gif
folderClosed	platform/options.api/src/org/netbeans/modules/options/resources/folder.gif
folderClosed	rust/rust.project.api/src/org/netbeans/modules/rust/project/api/defaultFolder.gif
folderClosed	webcommon/web.clientproject/src/org/netbeans/modules/web/clientproject/resources/defaultFolder.gif
folderClosed	enterprise/websvc.core/src/org/netbeans/modules/websvc/core/webservices/ui/resources/folder.png
folderClosed	enterprise/websvc.manager/src/org/netbeans/modules/websvc/manager/resources/folder-closed.png
folderClosed	websvccommon/websvc.saas.ui/src/org/netbeans/modules/websvc/saas/ui/resources/folder-closed.png
folderClosed	ide/db/src/org/netbeans/modules/db/resources/folder.gif
folderClosed	ide/db/src/org/netbeans/modules/db/resources/folderAdaptors.gif
folderClosed	ide/db/src/org/netbeans/modules/db/resources/folderDrivers.gif
folderClosed	ide/utilities/src/org/netbeans/modules/openfile/folder.gif
folderClosed	java/form/src/org/netbeans/modules/form/resources/emptyInspector.gif
folderClosed	ide/xml/src/org/netbeans/modules/xml/wizard/impl/folder_closed.png
folderClosed	java/jshell.support/src/org/netbeans/modules/jshell/resources/folder.png
folderClosed	nbi/infra/server/modules/war-admin/web/img/default-icon.png
folderClosed	nbi/infra/server/modules/war-client/web/img/default-icon.png
folderClosed	profiler/profiler/src/org/netbeans/modules/profiler/impl/icons/folder.png
folderClosed	java/java.lsp.server/nbcode/integration/src/org/netbeans/modules/nbcode/integration/resources/uidefaults/Tree.closedIcon.png
folderClosed	java/java.lsp.server/nbcode/integration/src/org/netbeans/modules/nbcode/integration/resources/uidefaults/Tree.leafIcon.png
folderClosed	ide/bugtracking/src/org/netbeans/modules/bugtracking/tasks/resources/category.png
folderClosed	platform/o.n.swing.plaf/src/org/netbeans/swing/plaf/resources/win-explorer-folder.gif
folderClosed	platform/o.n.swing.plaf/src/org/netbeans/swing/plaf/resources/xp-explorer-folder.gif
folderOpen	platform/o.n.swing.plaf/src/org/netbeans/swing/plaf/resources/hidpi-folder-open.png
folderOpen	apisupport/apisupport.ant/src/org/netbeans/modules/apisupport/project/resources/defaultFolderOpen.gif
folderOpen	contrib/groovy.grailsproject/src/org/netbeans/modules/groovy/grailsproject/resources/defaultFolderOpen.gif
folderOpen	enterprise/web.monitor/src/org/netbeans/modules/web/monitor/client/icons/folderOpen.gif
folderOpen	extide/gradle/src/org/netbeans/modules/gradle/resources/defaultFolderOpen.gif
folderOpen	ide/xml.multiview/src/org/netbeans/modules/xml/multiview/resources/folderOpen.gif
folderOpen	java/debugger.jpda.ui/src/org/netbeans/modules/debugger/jpda/resources/packageOpen.gif
folderOpen	java/java.openjdk.project/src/org/netbeans/modules/java/openjdk/project/resources/nativeFilesFolderOpened.gif
folderOpen	java/maven/src/org/netbeans/modules/maven/defaultFolderOpen.gif
folderOpen	php/php.api.phpmodule/src/org/netbeans/modules/php/api/ui/resources/defaultFolderOpen.gif
folderOpen	php/php.project/src/org/netbeans/modules/php/project/ui/resources/folderOpen.gif
folderOpen	platform/openide.loaders/src/org/openide/loaders/defaultFolderOpen.gif
folderOpen	platform/options.api/src/org/netbeans/modules/options/resources/folderOpen.gif
folderOpen	rust/rust.project.api/src/org/netbeans/modules/rust/project/api/defaultFolderOpen.gif
folderOpen	webcommon/web.clientproject/src/org/netbeans/modules/web/clientproject/resources/defaultFolderOpen.gif
folderOpen	enterprise/websvc.core/src/org/netbeans/modules/websvc/core/webservices/ui/resources/folderOpen.png
folderOpen	enterprise/websvc.manager/src/org/netbeans/modules/websvc/manager/resources/folder-open.png
folderOpen	websvccommon/websvc.saas.ui/src/org/netbeans/modules/websvc/saas/ui/resources/folder-open.png
folderOpen	ide/xml/src/org/netbeans/modules/xml/wizard/impl/folder_opened.png
folderOpen	ide/utilities/src/org/netbeans/modules/openfile/openFile.png
folderOpen	ide/projectui/src/org/netbeans/modules/project/ui/resources/open.gif
folderOpen	platform/o.n.swing.plaf/src/org/netbeans/swing/plaf/resources/win-explorer-opened-folder.gif
folderOpen	platform/o.n.swing.plaf/src/org/netbeans/swing/plaf/resources/vista_folder.png
folderOpen	java/java.lsp.server/nbcode/integration/src/org/netbeans/modules/nbcode/integration/resources/uidefaults/Tree.openIcon.png
arrowDown	profiler/profiler/src/org/netbeans/modules/profiler/impl/icons/down.png
arrowDown	contrib/form.j2ee/src/org/netbeans/modules/form/j2ee/resources/down.gif
arrowDown	ide/css.visual/src/org/netbeans/modules/css/visual/resources/down.gif
arrowDown	java/form/src/org/netbeans/modules/form/resources/alignment_d.gif
arrowDown	java/form/src/org/netbeans/modules/form/resources/down.gif
arrowDown	ide/bugtracking/src/org/netbeans/modules/bugtracking/tasks/resources/arrow-down.png
arrowDown	platform/api.visual/src/org/netbeans/modules/visual/resources/arrow-down.png
arrowDown	ide/code.analysis/src/org/netbeans/modules/analysis/ui/resources/nextmatch.png
arrowDown	ide/git/src/org/netbeans/modules/git/resources/icons/diff-next.png
arrowDown	ide/gsf.testrunner/src/org/netbeans/modules/gsf/testrunner/resources/nextmatch.png
arrowDown	ide/mercurial/src/org/netbeans/modules/mercurial/resources/icons/diff-next.png
arrowDown	ide/refactoring.api/src/org/netbeans/modules/refactoring/api/resources/nextmatch.png
arrowDown	ide/subversion/src/org/netbeans/modules/subversion/resources/icons/diff-next.png
arrowDown	java/java.hints/src/org/netbeans/modules/java/hints/analyzer/ui/nextmatch.png
arrowDown	platform/api.search/src/org/netbeans/modules/search/res/next.png
arrowDown	ide/db/src/org/netbeans/modules/db/resources/arrowDown.gif
arrowDown	ide/diff/src/org/netbeans/modules/diff/builtin/visualizer/editable/diff-next.png
arrowDown	ide/versioning.ui/src/org/netbeans/modules/versioning/ui/diff/diff-next.png
arrowDown	ide/versioning.ui/src/org/netbeans/modules/versioning/ui/resources/icons/diff-next.png
arrowUp	profiler/profiler/src/org/netbeans/modules/profiler/impl/icons/up.png
arrowUp	contrib/form.j2ee/src/org/netbeans/modules/form/j2ee/resources/up.gif
arrowUp	ide/css.visual/src/org/netbeans/modules/css/visual/resources/up.gif
arrowUp	java/form/src/org/netbeans/modules/form/resources/alignment_u.gif
arrowUp	java/form/src/org/netbeans/modules/form/resources/up.gif
arrowUp	ide/bugtracking/src/org/netbeans/modules/bugtracking/tasks/resources/arrow-up.png
arrowUp	platform/api.visual/src/org/netbeans/modules/visual/resources/arrow-up.png
arrowUp	ide/code.analysis/src/org/netbeans/modules/analysis/ui/resources/prevmatch.png
arrowUp	ide/git/src/org/netbeans/modules/git/resources/icons/diff-prev.png
arrowUp	ide/gsf.testrunner/src/org/netbeans/modules/gsf/testrunner/resources/prevmatch.png
arrowUp	ide/mercurial/src/org/netbeans/modules/mercurial/resources/icons/diff-prev.png
arrowUp	ide/refactoring.api/src/org/netbeans/modules/refactoring/api/resources/prevmatch.png
arrowUp	ide/subversion/src/org/netbeans/modules/subversion/resources/icons/diff-prev.png
arrowUp	java/java.hints/src/org/netbeans/modules/java/hints/analyzer/ui/prevmatch.png
arrowUp	platform/api.search/src/org/netbeans/modules/search/res/prev.png
arrowUp	ide/db/src/org/netbeans/modules/db/resources/arrowUp.gif
arrowUp	ide/diff/src/org/netbeans/modules/diff/builtin/visualizer/editable/diff-prev.png
arrowUp	ide/versioning.ui/src/org/netbeans/modules/versioning/ui/diff/diff-prev.png
arrowUp	ide/versioning.ui/src/org/netbeans/modules/versioning/ui/resources/icons/diff-prev.png
arrowUp	java/jshell.support/src/org/netbeans/modules/jshell/resources/history_item.png
arrowLeft	ide/editor.completion/src/org/netbeans/modules/editor/completion/resources/back.png
arrowLeft	java/java.navigation/src/org/netbeans/modules/java/navigation/resources/back.png
arrowLeft	profiler/profiler/src/org/netbeans/modules/profiler/impl/icons/back.png
arrowLeft	ide/html.editor/src/org/netbeans/modules/html/editor/resources/back.gif
arrowLeft	java/java.editor/src/org/netbeans/modules/java/editor/resources/back.gif
arrowLeft	java/maven/src/org/netbeans/modules/maven/execute/back.png
arrowLeft	java/form/src/org/netbeans/modules/form/resources/alignment_l.gif
arrowRight	ide/editor.completion/src/org/netbeans/modules/editor/completion/resources/forward.png
arrowRight	java/java.navigation/src/org/netbeans/modules/java/navigation/resources/forward.png
arrowRight	profiler/profiler/src/org/netbeans/modules/profiler/impl/icons/forward.png
arrowRight	ide/bugtracking/src/org/netbeans/modules/bugtracking/tasks/resources/arrow-right.png
arrowRight	platform/api.visual/src/org/netbeans/modules/visual/resources/arrow-right.png
arrowRight	ide/html.editor/src/org/netbeans/modules/html/editor/resources/forward.gif
arrowRight	java/java.editor/src/org/netbeans/modules/java/editor/resources/forward.gif
arrowRight	java/maven/src/org/netbeans/modules/maven/execute/forward.png
arrowRight	java/form/src/org/netbeans/modules/form/resources/alignment_r.gif
arrowRight	ide/xsl/src/org/netbeans/modules/xsl/resources/xsl_transformation.png
database	contrib/j2ee.weblogic9/src/org/netbeans/modules/j2ee/weblogic9/resources/jdbc.gif
database	enterprise/glassfish.javaee/src/org/netbeans/modules/glassfish/javaee/resources/jdbc.gif
database	enterprise/javaee.wildfly/src/org/netbeans/modules/javaee/wildfly/resources/jdbc.gif
database	enterprise/payara.jakartaee/src/org/netbeans/modules/payara/jakartaee/resources/jdbc.gif
database	ide/db.mysql/src/org/netbeans/modules/db/mysql/resources/database.gif
database	ide/db/src/org/netbeans/modules/db/resources/database.gif
database	ide/derby/src/org/netbeans/modules/derby/resources/database.gif
database	contrib/form.j2ee/src/org/netbeans/modules/form/j2ee/resources/Query.gif
database	ide/csl.api/src/org/netbeans/modules/csl/source/resources/icons/database.gif
database	ide/css.visual/src/org/netbeans/modules/css/visual/resources/database.gif
database	ide/db.mysql/src/org/netbeans/modules/db/mysql/resources/catalog.gif
database	ide/db/src/org/netbeans/modules/db/resources/catalog.gif
database	ide/derby/src/org/netbeans/modules/derby/resources/catalog.gif
database	ide/db.sql.editor/src/org/netbeans/modules/db/sql/editor/completion/resources/catalog.png
database	php/php.editor/src/org/netbeans/modules/php/editor/resources/catalog.png
database	ide/git/src/org/netbeans/modules/git/resources/icons/repository.png
database	java/maven.repository/src/org/netbeans/modules/maven/repository/localrepo.png
database	profiler/profiler/src/org/netbeans/modules/profiler/impl/icons/sqlWindow.png
database	ide/bugtracking/src/org/netbeans/modules/bugtracking/tasks/resources/remote_repo.png
database	java/maven.repository/src/org/netbeans/modules/maven/repository/remoterepo.png
warning	contrib/websvc.wsitconf/src/org/netbeans/modules/websvc/wsitconf/resources/warning.gif
warning	enterprise/j2ee.sun.ddui/src/org/netbeans/modules/j2ee/sun/share/configbean/customizers/common/resources/warningIcon.png
warning	enterprise/javaee.project/src/org/netbeans/modules/javaee/project/ui/resources/warning.gif
warning	enterprise/micronaut/src/org/netbeans/modules/micronaut/resources/warning.png
warning	enterprise/websvc.manager/src/org/netbeans/modules/websvc/manager/resources/warning.png
warning	ide/bugtracking.bridge/src/org/netbeans/modules/bugtracking/bridge/resources/warning.gif
warning	ide/bugzilla/src/org/netbeans/modules/bugzilla/resources/warning.gif
warning	ide/dlight.nativeexecution.nb/src/org/netbeans/modules/nativeexecution/impl/exclamation.gif
warning	ide/jumpto/src/org/netbeans/modules/jumpto/resources/warning.png
warning	ide/localtasks/src/org/netbeans/modules/localtasks/resources/warning.gif
warning	ide/mercurial/src/org/netbeans/modules/mercurial/resources/icons/warning.gif
warning	ide/refactoring.api/src/org/netbeans/modules/refactoring/api/resources/warning.png
warning	ide/subversion/src/org/netbeans/modules/subversion/resources/icons/warning.gif
warning	java/beans/src/org/netbeans/modules/beans/resources/warning.gif
warning	java/form/src/org/netbeans/modules/form/layoutsupport/resources/warning.png
warning	java/j2ee.persistence/src/org/netbeans/modules/j2ee/persistence/ui/resources/warning.gif
warning	java/java.source/src/org/netbeans/modules/java/source/resources/icons/warning.png
warning	java/spring.beans/src/org/netbeans/modules/spring/beans/resources/warning.gif
warning	javafx/javafx2.editor/src/org/netbeans/modules/javafx2/editor/resources/warning.gif
warning	nb/autoupdate.pluginimporter/src/org/netbeans/modules/autoupdate/pluginimporter/resources/warning.gif
warning	php/php.project/src/org/netbeans/modules/php/project/ui/resources/warning.gif
warning	platform/autoupdate.ui/src/org/netbeans/modules/autoupdate/ui/resources/warning.gif
warning	websvccommon/websvc.saas.ui/src/org/netbeans/modules/websvc/saas/ui/resources/warning.png
warning	groovy/groovy.refactoring/src/org/netbeans/modules/groovy/refactoring/resources/warning_16.png
warning	ide/gsf.testrunner/src/org/netbeans/modules/gsf/testrunner/resources/warning_16.png
warning	ide/spi.debugger.ui/src/org/netbeans/modules/debugger/resources/wrong_pass.png
warning	java/debugger.jpda.ui/src/org/netbeans/modules/debugger/jpda/resources/wrong_pass.png
warning	java/junit/src/org/netbeans/modules/junit/output/res/warning_16.png
warning	java/refactoring.java/src/org/netbeans/modules/refactoring/java/resources/warning_16.png
warning	ide/code.analysis/src/org/netbeans/modules/analysis/ui/resources/warning.gif
warning	ide/csl.api/src/org/netbeans/modules/csl/editor/completion/warning.png
warning	ide/spi.editor.hints/src/org/netbeans/modules/editor/hints/resources/verifier-glyph.gif
warning	ide/spi.editor.hints/src/org/netbeans/modules/editor/hints/resources/warning-glyph.gif
warning	java/java.hints/src/org/netbeans/modules/java/hints/analyzer/ui/warning-glyph.gif
warning	ide/db.sql.visualeditor/src/org/netbeans/modules/db/sql/visualeditor/resources/warning.gif
warning	ide/extbrowser/src/org/netbeans/modules/extbrowser/resources/warning.png
warning	platform/api.search/src/org/netbeans/modules/search/res/warning.gif
warning	platform/core.windows/src/org/netbeans/core/windows/resources/warning.png
warning	platform/openide.dialogs/src/org/netbeans/modules/dialogs/warning.gif
warning	webcommon/extbrowser.chrome/src/org/netbeans/modules/extbrowser/chrome/resources/warning.png
warning	ide/projectui/src/org/netbeans/modules/project/ui/resources/broken-reference.gif
warning	java/java.project.ui/src/org/netbeans/modules/java/project/ui/resources/broken-reference.gif
warning	nbi/engine/src/org/netbeans/installer/wizard/components/panels/warning.png
warning	java/java.hints/src/org/netbeans/modules/java/hints/resources/half-match.png
refresh	ide/bugtracking/src/org/netbeans/modules/bugtracking/tasks/resources/refresh.png
refresh	ide/diff/src/org/netbeans/modules/diff/builtin/visualizer/editable/diff-refresh.png
refresh	ide/diff/src/org/netbeans/modules/diff/builtin/visualizer/editable/refresh.png
refresh	ide/git/src/org/netbeans/modules/git/resources/icons/refresh.png
refresh	ide/mercurial/src/org/netbeans/modules/mercurial/resources/icons/refresh.png
refresh	ide/subversion/src/org/netbeans/modules/subversion/resources/icons/refresh.png
refresh	ide/versioning.ui/src/org/netbeans/modules/versioning/ui/resources/icons/refresh.png
refresh	enterprise/glassfish.common/src/org/netbeans/modules/glassfish/common/resources/refresh.png
refresh	enterprise/j2eeserver/src/org/netbeans/modules/j2ee/deployment/impl/ui/resources/refresh.png
refresh	enterprise/payara.common/src/org/netbeans/modules/payara/common/resources/refresh.png
refresh	extide/gradle/src/org/netbeans/modules/gradle/resources/restart.png
refresh	platform/autoupdate.ui/src/org/netbeans/modules/autoupdate/ui/resources/restart.png
refresh	platform/core.windows/src/org/netbeans/core/windows/resources/restart.png
refresh	ide/code.analysis/src/org/netbeans/modules/analysis/ui/resources/refresh.png
refresh	ide/editor.bookmarks/src/org/netbeans/modules/editor/bookmarks/resources/refresh.png
refresh	ide/refactoring.api/src/org/netbeans/modules/refactoring/api/resources/refresh.png
refresh	platform/api.search/src/org/netbeans/modules/search/res/refresh.png
refresh	ide/db.dataview/src/org/netbeans/modules/db/dataview/images/refresh.png
refresh	java/java.hints/src/org/netbeans/modules/java/hints/analyzer/ui/refresh.png
refresh	php/php.editor/src/org/netbeans/modules/php/editor/resources/refresh.png
refresh	profiler/profiler.heapwalker/src/org/netbeans/modules/profiler/heapwalk/ui/icons/impl/loop.png
refresh	profiler/profiler/src/org/netbeans/modules/profiler/impl/icons/updateNow.png
refresh	enterprise/web.monitor/src/org/netbeans/modules/web/monitor/client/icons/update.gif
trash	enterprise/web.monitor/src/org/netbeans/modules/web/monitor/client/icons/delete.gif
trash	java/performance/actionsframework/src/org/netbeans/actions/examples/icons/delete.gif
trash	platform/core.windows/src/org/netbeans/core/windows/resources/delete.gif
trash	platform/openide.actions/src/org/openide/resources/actions/delete.gif
trash	webcommon/web.webkit.tooling/src/org/netbeans/modules/web/webkit/tooling/networkmonitor/delete.gif
trash	profiler/profiler/src/org/netbeans/modules/profiler/impl/icons/runGC.png
originalSize	ide/image/src/org/netbeans/modules/image/originalSize.gif
zoomIn	enterprise/websvc.design/src/org/netbeans/modules/websvc/design/view/resources/zoom_in.png
zoomIn	ide/image/src/org/netbeans/modules/image/zoomIn.gif
zoomIn	java/debugger.jpda.visual/src/org/netbeans/modules/debugger/jpda/visual/resources/zoomIn.gif
zoomIn	platform/print/src/org/netbeans/modules/print/util/image/plus.gif
zoomIn	profiler/profiler/src/org/netbeans/modules/profiler/impl/icons/zoomIn.png
zoomIn	java/java.module.graph/src/org/netbeans/modules/java/module/graph/resources/zoomin.gif
zoomIn	java/maven.graph/src/org/netbeans/modules/maven/graph/zoomin.gif
zoomOut	enterprise/websvc.design/src/org/netbeans/modules/websvc/design/view/resources/zoom_out.png
zoomOut	ide/image/src/org/netbeans/modules/image/zoomOut.gif
zoomOut	java/debugger.jpda.visual/src/org/netbeans/modules/debugger/jpda/visual/resources/zoomOut.gif
zoomOut	java/java.module.graph/src/org/netbeans/modules/java/module/graph/resources/zoomout.gif
zoomOut	java/maven.graph/src/org/netbeans/modules/maven/graph/zoomout.gif
zoomOut	platform/print/src/org/netbeans/modules/print/util/image/minus.gif
zoomOut	profiler/profiler/src/org/netbeans/modules/profiler/impl/icons/zoomOut.png
find	platform/openide.actions/src/org/openide/resources/actions/find.gif
find	apisupport/apisupport.wizards/src/org/netbeans/modules/apisupport/project/ui/wizard/quicksearch/newQuickSearch.png
find	ide/notifications/src/org/netbeans/modules/notifications/resources/find16.png
find	ide/o.openidex.util/src/org/openidex/resources/find.gif
find	ide/refactoring.api/src/org/netbeans/modules/refactoring/api/resources/query.gif
find	platform/api.search/src/org/netbeans/modules/search/res/context.gif
find	platform/api.search/src/org/netbeans/modules/search/res/find.gif
find	profiler/profiler/src/org/netbeans/modules/profiler/impl/icons/find.gif
find15x14	ide/css.visual/src/org/netbeans/modules/css/visual/resources/find.png
find15x14	ide/notifications/src/org/netbeans/modules/notifications/resources/find.png
find15x14	platform/openide.awt/src/org/openide/awt/resources/quicksearch/find.png
find15x14	platform/openide.explorer/src/org/openide/explorer/view/find.png
find15x14	webcommon/web.inspect/src/org/netbeans/modules/web/inspect/resources/find.png
findDropdown	platform/openide.awt/src/org/openide/awt/resources/quicksearch/findMenu.png
findDropdown	platform/openide.explorer/src/org/openide/explorer/view/findMenu.png
findNext	ide/bugtracking/src/org/netbeans/modules/bugtracking/ui/resources/find_next.png
findNext	ide/editor.search/src/org/netbeans/modules/editor/search/resources/find_next.png
findNext	ide/lib.terminalemulator/src/org/netbeans/lib/terminalemulator/support/find_next.png
findNext	profiler/profiler/src/org/netbeans/modules/profiler/impl/icons/findNext.png
findPrevious	ide/bugtracking/src/org/netbeans/modules/bugtracking/ui/resources/find_previous.png
findPrevious	ide/editor.search/src/org/netbeans/modules/editor/search/resources/find_previous.png
findPrevious	ide/lib.terminalemulator/src/org/netbeans/lib/terminalemulator/support/find_previous.png
findPrevious	profiler/profiler/src/org/netbeans/modules/profiler/impl/icons/findPrevious.png
bookmark	ide/editor.bookmarks/src/org/netbeans/modules/editor/bookmarks/resources/bookmark_16.png
bookmarksTable	ide/editor.bookmarks/src/org/netbeans/modules/editor/bookmarks/resources/bookmarksTable.png
bookmarksTree	ide/editor.bookmarks/src/org/netbeans/modules/editor/bookmarks/resources/bookmarksTree.png
bookmarksTree	profiler/profiler/src/org/netbeans/modules/profiler/impl/icons/callTreeTab.png
clearBookmark	ide/editor.bookmarks/src/org/netbeans/modules/editor/bookmarks/resources/clear_bookmark.png
nextBookmark	ide/editor.bookmarks/src/org/netbeans/modules/editor/bookmarks/resources/next_bookmark.png
previousBookmark	ide/editor.bookmarks/src/org/netbeans/modules/editor/bookmarks/resources/previous_bookmark.png
toggleBookmark	ide/editor.bookmarks/src/org/netbeans/modules/editor/bookmarks/resources/toggle_bookmark.png
breadcrumbSeparator	ide/editor.breadcrumbs/src/org/netbeans/modules/editor/breadcrumbs/resources/separator.png
openInExternalBrowser	ide/editor.completion/src/org/netbeans/modules/editor/completion/resources/open_in_external_browser.png
openInExternalBrowser	java/java.navigation/src/org/netbeans/modules/java/navigation/resources/open_in_external_browser.png
openInExternalBrowser	ide/html.editor/src/org/netbeans/modules/html/editor/resources/htmlView.gif
openInExternalBrowser	java/java.editor/src/org/netbeans/modules/java/editor/resources/htmlView.gif
openInExternalBrowser	platform/o.n.core/src/org/netbeans/core/resources/actions/htmlView.gif
openInExternalBrowser	platform/openide.awt/src/org/openide/resources/html/htmlView.gif
openSourceInEditor	ide/editor.completion/src/org/netbeans/modules/editor/completion/resources/open_source_in_editor.png
openSourceInEditor	java/java.navigation/src/org/netbeans/modules/java/navigation/resources/open_source_in_editor.png
startMacroRecording	ide/editor.macros/src/org/netbeans/modules/editor/macros/start_macro_recording.png
startMacroRecording	ide/editor.macros/src/org/netbeans/modules/editor/macros/storage/ui/start_macro_recording.png
startMacroRecording	ide/editor/src/org/netbeans/modules/editor/resources/start_macro_recording.png
stopMacroRecording	ide/editor.macros/src/org/netbeans/modules/editor/macros/stop_macro_recording.png
stopMacroRecording	ide/editor.macros/src/org/netbeans/modules/editor/macros/storage/ui/stop_macro_recording.png
stopMacroRecording	ide/editor/src/org/netbeans/modules/editor/resources/stop_macro_recording.png
findSelection	ide/editor.search/src/org/netbeans/modules/editor/search/resources/find_selection.png
toggleHighlight	ide/editor.search/src/org/netbeans/modules/editor/search/resources/toggle_highlight.png
commentInsert	ide/editor/src/org/netbeans/modules/editor/resources/comment.png
lastEditLocation	ide/editor/src/org/netbeans/modules/editor/resources/last_edit_location_16.png
navigateBack	ide/editor/src/org/netbeans/modules/editor/resources/navigate_back_16.png
navigateForward	ide/editor/src/org/netbeans/modules/editor/resources/navigate_forward_16.png
rectSelect	ide/editor/src/org/netbeans/modules/editor/resources/rect_select_16x16.png
shiftLineLeft	ide/editor/src/org/netbeans/modules/editor/resources/shift_line_left.png
shiftLineRight	ide/editor/src/org/netbeans/modules/editor/resources/shift_line_right.png
commentRemove	ide/editor/src/org/netbeans/modules/editor/resources/uncomment.png
cloud	ide/server/src/org/netbeans/modules/server/ui/resources/cloud.png
hierarchy	java/debugger.jpda.visual/src/org/netbeans/modules/debugger/jpda/visual/resources/hierarchy.png
hierarchy	ide/code.analysis/src/org/netbeans/modules/analysis/ui/resources/categorize.png
hierarchy	ide/tasklist.ui/src/org/netbeans/modules/tasklist/ui/resources/groups.png
plus	java/form/src/org/netbeans/modules/form/layoutsupport/griddesigner/resources/plus.png
plus	webcommon/web.clientproject.api/src/org/netbeans/modules/web/clientproject/ui/resources/add.png
plus	ide/css.visual/src/org/netbeans/modules/css/visual/resources/plus.gif
plus	java/form/src/org/netbeans/modules/form/resources/beansButton.gif
plus	ide/db/src/org/netbeans/modules/db/resources/addConnection.png
plus	platform/autoupdate.ui/src/org/netbeans/modules/autoupdate/ui/resources/add.png
plus	profiler/profiler/src/org/netbeans/modules/profiler/impl/icons/add.png
minus	java/form/src/org/netbeans/modules/form/layoutsupport/griddesigner/resources/minus.png
minus	java/form/src/org/netbeans/modules/form/layoutsupport/resources/minus.gif
minus	platform/autoupdate.ui/src/org/netbeans/modules/autoupdate/ui/resources/remove.png
minus	profiler/profiler/src/org/netbeans/modules/profiler/impl/icons/remove.png
columns	platform/o.n.swing.outline/src/org/netbeans/swing/etable/columns.gif
columns	platform/openide.explorer/src/org/netbeans/modules/openide/explorer/columns.gif
columns	ide/bugtracking.commons/src/org/netbeans/modules/bugtracking/commons/resources/columns_16.png
print	platform/openide.actions/src/org/openide/resources/actions/print.png
print	platform/openide.text/src/org/openide/text/printSettings.gif
print	platform/print/src/org/netbeans/modules/print/util/image/print.gif
redo	platform/openide.actions/src/org/openide/resources/actions/redo.gif
redo	java/performance/actionsframework/src/org/netbeans/actions/examples/icons/redo.gif
undo	platform/openide.actions/src/org/openide/resources/actions/undo.gif
undo	php/php.project/src/org/netbeans/modules/php/project/ui/resources/reset.png
undo	ide/versioning.ui/src/org/netbeans/modules/versioning/ui/diff/rollback.png
undo	java/performance/actionsframework/src/org/netbeans/actions/examples/icons/undo.gif
configBadge8x8	java/java.source/src/org/netbeans/modules/java/resources/needs-compile.gif
configBadge8x8	java/java.source/src/org/netbeans/modules/java/resources/needs-compile.png
configBadge8x8	apisupport/apisupport.ant/src/org/netbeans/modules/apisupport/project/resources/config-badge.gif
configBadge8x8	apisupport/maven.apisupport/src/org/netbeans/modules/maven/apisupport/config-badge.gif
configBadge8x8	enterprise/j2ee.api.ejbmodule/src/org/netbeans/modules/j2ee/ejbjar/project/ui/ejbjar.gif
configBadge8x8	enterprise/j2ee.earproject/src/org/netbeans/modules/j2ee/earproject/ui/resources/archive.gif
configBadge8x8	enterprise/web.project/src/org/netbeans/modules/web/project/ui/resources/config-badge.gif
configBadge8x8	ide/web.common.ui/src/org/netbeans/modules/web/common/ui/resources/config-badge.gif
configBadge8x8	php/php.project/src/org/netbeans/modules/php/project/ui/resources/config-badge.gif
configBadge8x8	rust/rust.project.api/src/org/netbeans/modules/rust/project/api/config-badge.gif
configBadge8x8	webcommon/web.clientproject/src/org/netbeans/modules/web/clientproject/resources/config-badge.gif
configBadge8x8	webcommon/web.clientproject/src/org/netbeans/modules/web/clientproject/ui/resources/config-badge.gif
error	apisupport/apisupport.project/src/org/netbeans/modules/apisupport/project/ui/resources/error.gif
error	ide/gsf.testrunner/src/org/netbeans/modules/gsf/testrunner/resources/error_16.png
error	ide/lsp.client/src/org/netbeans/modules/lsp/client/resources/error_16.png
error	java/junit/src/org/netbeans/modules/junit/output/res/error_16.png
error	nbi/engine/src/org/netbeans/installer/wizard/components/panels/error.png
error	platform/api.search/src/org/netbeans/modules/search/res/error.gif
error	platform/core.ui/src/org/netbeans/core/ui/options/general/error_16.png
error	platform/core.ui/src/org/netbeans/core/ui/resources/error.gif
error	platform/core.windows/src/org/netbeans/core/windows/resources/error.png
error	platform/openide.dialogs/src/org/netbeans/modules/dialogs/error.gif
error	enterprise/cloud.oracle/src/org/netbeans/modules/cloud/oracle/resources/error.png
error	ide/bugtracking/src/org/netbeans/modules/bugtracking/tasks/resources/error.png
error	ide/tasklist.todo/src/org/netbeans/modules/tasklist/todo/settings/error.png
error	ide/team.commons/src/org/netbeans/modules/team/commons/resources/error.png
error	enterprise/j2ee.sun.ddui/src/org/netbeans/modules/j2ee/sun/share/configbean/customizers/common/resources/errorIcon.png
error	enterprise/javaee.project/src/org/netbeans/modules/javaee/project/ui/resources/error.gif
error	ide/bugtracking/src/org/netbeans/modules/bugtracking/ui/resources/error.gif
error	ide/bugzilla/src/org/netbeans/modules/bugzilla/resources/error.gif
error	ide/dlight.nativeexecution.nb/src/org/netbeans/modules/nativeexecution/impl/error.png
error	ide/localtasks/src/org/netbeans/modules/localtasks/resources/error.gif
error	ide/spellchecker/src/org/netbeans/modules/spellchecker/resources/error.gif
error	ide/subversion/src/org/netbeans/modules/subversion/resources/icons/error.gif
error	ide/versioning.ui/src/org/netbeans/modules/versioning/ui/resources/icons/error.gif
error	ide/versioning.util/src/org/netbeans/modules/versioning/util/resources/error.gif
error	platform/autoupdate.ui/src/org/netbeans/modules/autoupdate/ui/resources/error.png
error	profiler/profiler/src/org/netbeans/modules/profiler/impl/icons/error.png
error	ide/db.sql.visualeditor/src/org/netbeans/modules/db/sql/visualeditor/resources/error.gif
error	ide/db/src/org/netbeans/modules/db/resources/errorIcon.png
error	ide/derby/src/org/netbeans/modules/derby/resources/errorIcon.png
error	webcommon/javascript.cdnjs/src/org/netbeans/modules/javascript/cdnjs/ui/resources/broken.png
error	ide/refactoring.api/src/org/netbeans/modules/refactoring/api/resources/error.png
error	platform/lib.uihandler/src/org/netbeans/lib/uihandler/exception.gif
error	platform/o.n.core/src/org/netbeans/core/resources/exception.gif
error	php/php.project/src/org/netbeans/modules/php/project/ui/resources/error.png
error	ide/tasklist.ui/src/org/netbeans/modules/tasklist/ui/resources/error-glyph.gif
aborted	ide/gsf.testrunner/src/org/netbeans/modules/gsf/testrunner/resources/aborted.png
question	apisupport/apisupport.wizards/src/org/netbeans/modules/apisupport/project/ui/wizard/javahelp/newJavaHelp.png
question	java/maven/src/org/netbeans/modules/maven/execute/navigator/help.png
question	platform/javahelp/src/org/netbeans/modules/javahelp/resources/help.png
question	platform/openide.explorer/src/org/openide/resources/propertysheet/propertySheetHelp.png
question	enterprise/j2ee.sun.ddui/src/org/netbeans/modules/j2ee/sun/share/configbean/customizers/common/resources/customizerHelp.gif
question	ide/usersguide/src/org/netbeans/modules/usersguide/help.gif
question	ide/xml.multiview/src/org/netbeans/modules/xml/multiview/resources/help.gif
question	platform/o.n.core/src/org/netbeans/core/resources/actions/about.gif
question	enterprise/web.jsf.navigation/src/org/netbeans/modules/web/jsf/navigation/graph/resources/question.png
question	webcommon/javascript.bower/src/org/netbeans/modules/javascript/bower/ui/resources/unknown.png
question	webcommon/javascript.cdnjs/src/org/netbeans/modules/javascript/cdnjs/ui/resources/unknown.png
question	webcommon/javascript.nodejs/src/org/netbeans/modules/javascript/nodejs/ui/resources/unknown.png
info	enterprise/cloud.oracle/src/org/netbeans/modules/cloud/oracle/resources/info.png
info	extide/gradle/src/org/netbeans/modules/gradle/resources/info.png
info	ide/bugzilla/src/org/netbeans/modules/bugzilla/resources/info.png
info	ide/git/src/org/netbeans/modules/git/resources/icons/info.png
info	ide/localtasks/src/org/netbeans/modules/localtasks/resources/info.png
info	ide/mercurial/src/org/netbeans/modules/mercurial/resources/icons/info.png
info	ide/subversion/src/org/netbeans/modules/subversion/resources/icons/info.png
info	ide/versioning.util/src/org/netbeans/modules/versioning/util/resources/info.png
info	java/java.j2semodule/src/org/netbeans/modules/java/j2semodule/ui/resources/info.png
info	java/java.j2seproject/src/org/netbeans/modules/java/j2seproject/ui/resources/info.png
info	javafx/javafx2.project/src/org/netbeans/modules/javafx2/project/ui/resources/info.png
info	platform/api.search/src/org/netbeans/modules/search/res/info.png
info	platform/core.windows/src/org/netbeans/core/windows/resources/info.png
info	platform/openide.dialogs/src/org/netbeans/modules/dialogs/info.png
info	ide/db/src/org/netbeans/modules/db/resources/infoIcon.png
info	ide/derby/src/org/netbeans/modules/derby/resources/infoIcon.png
info	ide/spi.debugger.ui/src/org/netbeans/modules/debugger/resources/debuggingView/info_big.png
info	ide/spi.debugger.ui/src/org/netbeans/modules/debugger/resources/evaluator/eval_history.png
info	nb/autoupdate.pluginimporter/src/org/netbeans/modules/autoupdate/pluginimporter/resources/info_icon.png
info	platform/autoupdate.ui/src/org/netbeans/modules/autoupdate/ui/resources/info_icon.png
info	nbi/engine/src/org/netbeans/installer/wizard/components/panels/info.png
info	php/php.project/src/org/netbeans/modules/php/project/ui/resources/info_icon.png
info	profiler/profiler/src/org/netbeans/modules/profiler/impl/icons/infoIcon.png
info	profiler/profiler/src/org/netbeans/modules/profiler/impl/icons/infoTab.png
ok	ide/gsf.testrunner/src/org/netbeans/modules/gsf/testrunner/resources/ok_16.png
ok	java/junit/src/org/netbeans/modules/junit/output/res/ok_16.png
ok	platform/core.ui/src/org/netbeans/core/ui/options/general/ok_16.png
ok	ide/db.sql.visualeditor/src/org/netbeans/modules/db/sql/visualeditor/resources/ok.gif
ok	webcommon/javascript.bower/src/org/netbeans/modules/javascript/bower/ui/resources/uptodate.gif
ok	webcommon/javascript.cdnjs/src/org/netbeans/modules/javascript/cdnjs/ui/resources/uptodate.gif
ok	webcommon/javascript.nodejs/src/org/netbeans/modules/javascript/nodejs/ui/resources/uptodate.gif
ok	ide/projectui/src/org/netbeans/modules/project/ui/resources/resolved-reference.gif
ok	java/java.project.ui/src/org/netbeans/modules/java/project/ui/resources/resolved-reference.gif
ok	java/java.hints/src/org/netbeans/modules/java/hints/resources/match.png
ok	profiler/profiler/src/org/netbeans/modules/profiler/impl/icons/setFilterHighl.png
ok	platform/autoupdate.ui/src/org/netbeans/modules/autoupdate/ui/resources/active.png
ok	java/javadoc/src/org/netbeans/modules/javadoc/comments/resources/ok.gif
lightbulb	java/form/src/org/netbeans/modules/form/resources/lightbulb.gif
lightbulb	java/java.graph/src/org/netbeans/modules/java/graph/resources/bulb.gif
lightbulb	ide/spi.tasklist/src/org/netbeans/modules/tasklist/trampoline/unknown.gif
lightbulb	ide/tasklist.ui/src/org/netbeans/modules/tasklist/ui/resources/task.gif
lightbulb	php/php.smarty/src/org/netbeans/modules/php/smarty/resources/tpl-cc-icon.png
lightbulb	java/java.graph/src/org/netbeans/modules/java/graph/resources/bulb-highlight.gif
lightbulb	platform/lib.uihandler/src/org/netbeans/lib/uihandler/def.png
lightbulb	apisupport/apisupport.wizards/src/org/netbeans/modules/apisupport/project/ui/wizard/javahint/suggestion.png
lightbulb	ide/editor.completion/src/org/netbeans/modules/editor/completion/resources/suggestion.png
lightbulb	ide/spi.editor.hints/src/org/netbeans/modules/editor/hints/resources/suggestion.gif
lightbulb	ide/spi.editor.hints/src/org/netbeans/modules/editor/hints/resources/suggestion.png
lightbulb	java/java.hints/src/org/netbeans/modules/java/hints/analyzer/ui/suggestion.png
lightbulb	java/maven/src/org/netbeans/modules/maven/resources/suggestion.png
globe	ide/extbrowser/src/org/netbeans/modules/extbrowser/resources/browser_generic_16x.png
globe	ide/web.browser.api/src/org/netbeans/modules/web/browser/ui/resources/browser_generic_16x.png
globe	webcommon/web.clientproject.api/src/org/netbeans/modules/web/clientproject/browser/browser_generic_16x.png
globe	enterprise/j2ee.sun.ddui/src/org/netbeans/modules/j2ee/sun/ddloaders/resources/ServletIcon.gif
globe	enterprise/j2ee.sun.ddui/src/org/netbeans/modules/j2ee/sun/share/configbean/resources/ServletRefIcon16.gif
globe	enterprise/web.project/src/org/netbeans/modules/web/project/ui/resources/webProjectIcon.gif
globe	java/java.j2seplatform/src/org/netbeans/modules/java/j2seplatform/resources/web.gif
globe	webcommon/web.clientproject/src/org/netbeans/modules/web/clientproject/ui/resources/html5-project.png
globe	enterprise/j2ee.earproject/src/org/netbeans/modules/j2ee/earproject/ui/resources/WebModuleNode.gif
globe	nb/updatecenters/src/org/netbeans/modules/updatecenters/resources/updateAction.gif
globe	ide/utilities/src/org/netbeans/modules/url/webLink.gif
globe	platform/o.n.core/src/org/netbeans/core/resources/frames/webbrowser.gif
notifications	ide/notifications/src/org/netbeans/modules/notifications/resources/notifications.png
notificationsError	ide/notifications/src/org/netbeans/modules/notifications/resources/notificationsError.png
notificationsPane	ide/notifications/src/org/netbeans/modules/notifications/resources/notificationsTC.png
properties	platform/core.windows/src/org/netbeans/core/windows/resources/properties.gif
properties	platform/openide.actions/src/org/openide/resources/actions/properties.gif
restart	enterprise/glassfish.common/src/org/netbeans/modules/glassfish/common/resources/restart.png
restart	enterprise/j2eeserver/src/org/netbeans/modules/j2ee/deployment/impl/ui/resources/restart.png
restart	enterprise/payara.common/src/org/netbeans/modules/payara/common/resources/restart.png
restart	java/jshell.support/src/org/netbeans/modules/jshell/resources/reset.png
restart	profiler/profiler/src/org/netbeans/modules/profiler/impl/icons/rerun.png
runProject	ide/projectui/src/org/netbeans/modules/project/ui/resources/runProject.png
runProject	profiler/profiler/src/org/netbeans/modules/profiler/impl/icons/start.png
runProject	profiler/profiler/src/org/netbeans/modules/profiler/impl/icons/runButton.gif
runProject	platform/openide.actions/src/org/openide/resources/actions/execute.gif
runProject	enterprise/glassfish.common/src/org/netbeans/modules/glassfish/common/resources/start.png
runProject	enterprise/j2eeserver/src/org/netbeans/modules/j2ee/deployment/impl/ui/resources/start.png
runProject	enterprise/payara.common/src/org/netbeans/modules/payara/common/resources/start.png
runProject	ide/gsf.testrunner/src/org/netbeans/modules/gsf/testrunner/resources/run.gif
outputPane	platform/core.io.ui/src/org/netbeans/core/io/ui/output.png
outputPane	platform/o.n.core/src/org/netbeans/core/resources/outputSettings.gif
copy	platform/openide.actions/src/org/openide/resources/actions/copy.gif
copy	java/performance/actionsframework/src/org/netbeans/actions/examples/icons/copy.gif
cut	platform/openide.actions/src/org/openide/resources/actions/cut.gif
cut	java/performance/actionsframework/src/org/netbeans/actions/examples/icons/cut.gif
paste	platform/openide.actions/src/org/openide/resources/actions/paste.gif
paste	java/performance/actionsframework/src/org/netbeans/actions/examples/icons/paste.gif
newFolder	ide/bugtracking/src/org/netbeans/modules/bugtracking/tasks/resources/add_category.png
newFolder	profiler/profiler/src/org/netbeans/modules/profiler/impl/icons/addFolder.png
newFolder	ide/o.n.swing.dirchooser/src/org/netbeans/swing/dirchooser/resources/newFolderIcon_mac.png
newFolder	ide/o.n.swing.dirchooser/src/org/netbeans/swing/dirchooser/resources/newFolderIcon.gif
wait	apisupport/apisupport.ant/src/org/netbeans/modules/apisupport/project/suite/resources/wait.png
wait	contrib/j2ee.jboss4/src/org/netbeans/modules/j2ee/jboss4/resources/wait.gif
wait	enterprise/j2ee.api.ejbmodule/src/org/netbeans/modules/j2ee/ejbjar/project/ui/wait.gif
wait	enterprise/j2eeserver/src/org/netbeans/modules/j2ee/deployment/impl/ui/resources/wait.gif
wait	enterprise/javaee.wildfly/src/org/netbeans/modules/javaee/wildfly/resources/eap.gif
wait	enterprise/javaee.wildfly/src/org/netbeans/modules/javaee/wildfly/resources/wait.gif
wait	enterprise/tomcat5/src/org/netbeans/modules/tomcat5/resources/wait.gif
wait	enterprise/websvc.manager/src/org/netbeans/modules/websvc/manager/resources/wait.gif
wait	extide/gradle/src/org/netbeans/modules/gradle/resources/wait.gif
wait	ide/bugtracking/src/org/netbeans/modules/bugtracking/ui/resources/wait.gif
wait	ide/db/src/org/netbeans/modules/db/resources/wait.gif
wait	ide/jumpto/src/org/netbeans/modules/jumpto/resources/wait.gif
wait	ide/projectui/src/org/netbeans/modules/project/ui/resources/wait.gif
wait	ide/refactoring.api/src/org/netbeans/modules/refactoring/api/resources/wait.gif
wait	ide/spi.viewmodel/src/org/netbeans/modules/viewmodel/wait.gif
wait	ide/subversion/src/org/netbeans/modules/subversion/ui/browser/wait.gif
wait	ide/versioning.ui/src/org/netbeans/modules/versioning/ui/resources/icons/wait.gif
wait	ide/xml.text/src/org/netbeans/modules/xml/text/navigator/resources/wait.gif
wait	java/beans/src/org/netbeans/modules/beans/resources/wait.gif
wait	java/java.navigation/src/org/netbeans/modules/java/navigation/resources/wait.gif
wait	java/java.source/src/org/netbeans/modules/java/source/resources/icons/wait.gif
wait	java/java.source/src/org/netbeans/modules/java/source/resources/icons/wait.png
wait	java/javadoc/src/org/netbeans/modules/javadoc/resources/wait.png
wait	java/maven.grammar/src/org/netbeans/modules/maven/navigator/wait.gif
wait	java/maven.hints/src/org/netbeans/modules/maven/hints/wait.gif
wait	java/maven.repository/src/org/netbeans/modules/maven/repository/wait.gif
wait	java/maven/src/org/netbeans/modules/maven/resources/wait.gif
wait	java/refactoring.java/src/org/netbeans/modules/refactoring/java/resources/wait.gif
wait	platform/openide.nodes/src/org/openide/nodes/wait.gif
wait	webcommon/javascript.bower/src/org/netbeans/modules/javascript/bower/ui/resources/checking.png
wait	webcommon/javascript.cdnjs/src/org/netbeans/modules/javascript/cdnjs/ui/resources/checking.png
wait	webcommon/javascript.nodejs/src/org/netbeans/modules/javascript/nodejs/ui/resources/checking.png
wait	websvccommon/websvc.saas.ui/src/org/netbeans/modules/websvc/saas/ui/resources/wait.gif
wait	profiler/profiler.heapwalker/src/org/netbeans/modules/profiler/heapwalk/ui/icons/impl/progress.png
wait	ide/csl.api/src/org/netbeans/modules/csl/navigation/resources/wait.gif
wait	ide/csl.api/src/org/netbeans/modules/csl/source/resources/icons/wait.png
wait	ide/spi.debugger.ui/src/org/netbeans/modules/debugger/resources/allInOneView/waiting_on_monitor_16.png
wait	ide/csl.api/src/org/netbeans/modules/csl/source/resources/icons/wait.gif
libraries	apisupport/apisupport.project/src/org/netbeans/modules/apisupport/project/api/libraries.gif
libraries	contrib/j2ee.weblogic9/src/org/netbeans/modules/j2ee/weblogic9/resources/libraries.gif
libraries	enterprise/j2ee.earproject/src/org/netbeans/modules/j2ee/earproject/ui/resources/libraries.gif
libraries	extide/gradle/src/org/netbeans/modules/gradle/resources/libraries.png
libraries	ide/project.libraries/src/org/netbeans/modules/project/libraries/resources/libraries.gif
libraries	java/java.api.common/src/org/netbeans/modules/java/api/common/project/ui/resources/libraries.gif
libraries	java/java.j2seproject/src/org/netbeans/modules/java/j2seproject/ui/resources/libraries.gif
libraries	java/java.project.ui/src/org/netbeans/modules/java/project/ui/resources/libraries.gif
libraries	java/maven/src/org/netbeans/modules/maven/actions/libraries.gif
libraries	java/refactoring.java/src/org/netbeans/modules/refactoring/java/resources/found_item_binary.gif
libraries	php/php.composer/src/org/netbeans/modules/php/composer/ui/resources/libraries.gif
libraries	php/php.project/src/org/netbeans/modules/php/project/ui/resources/libraries.gif
libraries	webcommon/javascript.bower/src/org/netbeans/modules/javascript/bower/ui/resources/libraries.gif
libraries	webcommon/javascript.cdnjs/src/org/netbeans/modules/javascript/cdnjs/ui/resources/libraries.gif
libraries	webcommon/javascript.nodejs/src/org/netbeans/modules/javascript/nodejs/ui/resources/libraries.gif
librariesBadge8x8	apisupport/apisupport.project/src/org/netbeans/modules/apisupport/project/ui/resources/libraries-badge.png
librariesBadge8x8	contrib/groovy.grailsproject/src/org/netbeans/modules/groovy/grailsproject/resources/librariesBadge.png
librariesBadge8x8	extide/gradle/src/org/netbeans/modules/gradle/resources/libraries-badge.png
librariesBadge8x8	java/gradle.java/src/org/netbeans/modules/gradle/java/resources/libraries-badge.png
librariesBadge8x8	java/java.api.common/src/org/netbeans/modules/java/api/common/project/ui/resources/libraries-badge.png
librariesBadge8x8	java/java.j2seproject/src/org/netbeans/modules/java/j2seproject/ui/resources/libraries-badge.png
librariesBadge8x8	java/maven/src/org/netbeans/modules/maven/libraries-badge.png
librariesBadge8x8	php/php.composer/src/org/netbeans/modules/php/composer/ui/resources/libraries-badge.png
librariesBadge8x8	php/php.project/src/org/netbeans/modules/php/project/ui/resources/libraries-badge.png
librariesBadge8x8	rust/rust.project.api/src/org/netbeans/modules/rust/project/api/libraries-badge.png
librariesBadge8x8	webcommon/javascript.bower/src/org/netbeans/modules/javascript/bower/ui/resources/libraries-badge.png
librariesBadge8x8	webcommon/javascript.cdnjs/src/org/netbeans/modules/javascript/cdnjs/ui/resources/libraries-badge.png
librariesBadge8x8	webcommon/javascript.nodejs/src/org/netbeans/modules/javascript/nodejs/ui/resources/libraries-badge.png
librariesBadge8x8	webcommon/web.clientproject/src/org/netbeans/modules/web/clientproject/ui/resources/library-badge.png
options	apisupport/apisupport.wizards/src/org/netbeans/modules/apisupport/project/ui/wizard/options/newOptions.png
options	extide/gradle/src/org/netbeans/modules/gradle/resources/options.png
options	extide/o.apache.tools.ant.module/src/org/apache/tools/ant/module/resources/options.png
options	ide/extexecution/src/org/netbeans/modules/extexecution/resources/options.png
options	ide/versioning.ui/src/org/netbeans/modules/versioning/ui/resources/icons/options.png
options	java/maven/src/org/netbeans/modules/maven/execute/options.png
options	platform/options.api/src/org/netbeans/modules/options/export/options.png
options	rust/rust.cargo/src/org/netbeans/modules/rust/cargo/output/resources/options.png
options	ide/web.browser.api/src/org/netbeans/modules/web/browser/ui/resources/customize.png
options	webcommon/extbrowser.chrome/plugins/chrome/img/presets/customize.png
updateCenter	apisupport/apisupport.wizards/src/org/netbeans/modules/apisupport/project/ui/wizard/updatecenter/newUpdateCenter.png
updateCenter	platform/autoupdate.ui/src/org/netbeans/modules/autoupdate/ui/resources/newUpdates.png
warningBadgeLeft8x8	enterprise/j2ee.earproject/src/org/netbeans/modules/j2ee/earproject/ui/resources/brokenProjectBadge.gif
warningBadgeLeft8x8	enterprise/javaee.project/src/org/netbeans/modules/javaee/project/ui/resources/brokenProjectBadge.gif
warningBadgeLeft8x8	ide/projectui/src/org/netbeans/modules/project/ui/resources/brokenProjectBadge.gif
warningBadgeLeft8x8	java/java.api.common/src/org/netbeans/modules/java/api/common/project/ui/resources/brokenProjectBadge.gif
warningBadgeLeft8x8	java/java.editor/src/org/netbeans/modules/java/editor/resources/warning_badge.gif
warningBadgeLeft8x8	java/java.j2seproject/src/org/netbeans/modules/java/j2seproject/ui/resources/brokenProjectBadge.gif
warningBadgeLeft8x8	php/php.project/src/org/netbeans/modules/php/project/ui/resources/brokenProjectBadge.gif
warningBadgeRight	enterprise/web.monitor/src/org/netbeans/modules/web/monitor/client/icons/warningBadge.gif
bugtracking	ide/bugtracking.bridge/src/org/netbeans/modules/bugtracking/bridge/resources/bugtracking.png
bugtracking	ide/bugtracking/src/org/netbeans/modules/bugtracking/ui/resources/bugtracking.png
bugtracking	profiler/profiler.snaptracer/src/org/netbeans/modules/profiler/snaptracer/impl/icons/bugtracking.png
sortAZ	ide/bugtracking/src/org/netbeans/modules/bugtracking/tasks/resources/sort.png
sortAZ	java/java.navigation/src/org/netbeans/modules/java/navigation/resources/sortAlpha.png
sortAZ	java/maven.grammar/src/org/netbeans/modules/maven/navigator/sortAlpha.png
sortAZ	java/refactoring.java/src/org/netbeans/modules/refactoring/java/resources/sortAlpha.png
sortAZ	ide/css.visual/src/org/netbeans/modules/css/visual/resources/viewAll.png
sortAZ	ide/spi.debugger.ui/src/org/netbeans/modules/debugger/resources/debuggingView/alphabetic_sort_order_16.png
sortAZ	webcommon/javascript.bower/src/org/netbeans/modules/javascript/bower/ui/resources/alphabetic-sort.png
sortAZ	enterprise/web.monitor/src/org/netbeans/modules/web/monitor/client/icons/a2z.gif
sortPosition	java/java.navigation/src/org/netbeans/modules/java/navigation/resources/sortPosition.png
sortPosition	java/refactoring.java/src/org/netbeans/modules/refactoring/java/resources/sortPosition.png
statement	java/java.navigation/src/org/netbeans/modules/java/navigation/resources/statement.png
services	ide/core.ide/src/org/netbeans/core/ide/resources/services.gif
schema	ide/db/src/org/netbeans/modules/db/resources/schema.png
schema	java/dbschema/src/org/netbeans/modules/dbschema/jdbcimpl/DBschemaDataIcon.gif
highlight	ide/editor.search/src/org/netbeans/modules/editor/search/resources/highlight.png
matchCase	ide/editor.search/src/org/netbeans/modules/editor/search/resources/matchCase.png
matchCase	profiler/profiler/src/org/netbeans/modules/profiler/impl/icons/matchCase.png
regexp	ide/editor.search/src/org/netbeans/modules/editor/search/resources/regexp.png
replaceAll	ide/editor.search/src/org/netbeans/modules/editor/search/resources/replace_all.png
replaceLast	ide/editor.search/src/org/netbeans/modules/editor/search/resources/replace_last.png
replace	ide/editor.search/src/org/netbeans/modules/editor/search/resources/replace.png
selectAll	ide/editor.search/src/org/netbeans/modules/editor/search/resources/select_all.png
wholeWord	ide/editor.search/src/org/netbeans/modules/editor/search/resources/wholeWord.png
wrapAround	ide/editor.search/src/org/netbeans/modules/editor/search/resources/wrapAround.png
hudson	ide/hudson.ui/src/org/netbeans/modules/hudson/ui/resources/hudson.png
rebuildProject	ide/projectui/src/org/netbeans/modules/project/ui/resources/rebuildProject.png
buildProject	ide/projectui/src/org/netbeans/modules/project/ui/resources/buildProject.png
gearYellow	ide/refactoring.api/src/org/netbeans/modules/refactoring/api/resources/refactoringpreview.png
gearYellow	java/java.hints/src/org/netbeans/modules/java/hints/analyzer/ui/refactoringpreview.png
gearYellow	java/maven/src/org/netbeans/modules/maven/customizer/mojo.png
gearYellow	java/maven/src/org/netbeans/modules/maven/execute/ui/mojo.png
gearYellow	profiler/profiler/src/org/netbeans/modules/profiler/impl/icons/settings.png
gearGreen	java/maven/src/org/netbeans/modules/maven/execute/navigator/thread_running_16.png
gearGreen	ide/spi.debugger.ui/src/org/netbeans/modules/debugger/resources/debuggingView/debugging_16.png
gearGreen	ide/spi.debugger.ui/src/org/netbeans/modules/debugger/resources/threadsView/thread_running_16.png
gearGreen	java/java.hints.declarative/src/org/netbeans/modules/java/hints/declarative/resources/toggle-debugging.png
gearGreen	javafx/javafx2.editor/src/org/netbeans/modules/javafx2/editor/resources/generate_controller.png
gearGreen	javafx/javafx2.editor/src/org/netbeans/modules/javafx2/editor/resources/handler.png
servers	ide/server/src/org/netbeans/modules/server/ui/resources/servers.png
debugAttach	ide/spi.debugger.ui/src/org/netbeans/modules/debugger/resources/actions/Attach.gif
stop	enterprise/glassfish.common/src/org/netbeans/modules/glassfish/common/resources/stop.png
stop	enterprise/j2eeserver/src/org/netbeans/modules/j2ee/deployment/impl/ui/resources/stop.png
stop	enterprise/payara.common/src/org/netbeans/modules/payara/common/resources/stop.png
stop	extide/gradle/src/org/netbeans/modules/gradle/resources/stop.png
stop	extide/o.apache.tools.ant.module/src/org/apache/tools/ant/module/resources/stop.png
stop	ide/docker.ui/src/org/netbeans/modules/docker/ui/resources/action_stop.png
stop	ide/extexecution/src/org/netbeans/modules/extexecution/resources/stop.png
stop	ide/projectui/src/org/netbeans/modules/project/ui/resources/stop.png
stop	ide/refactoring.api/src/org/netbeans/modules/refactoring/api/resources/stop.png
stop	java/java.openjdk.project/src/org/netbeans/modules/java/openjdk/jtreg/resources/stop.png
stop	java/jshell.support/src/org/netbeans/modules/jshell/resources/stop.png
stop	java/maven/src/org/netbeans/modules/maven/execute/stop.png
stop	platform/api.search/src/org/netbeans/modules/search/res/stop.png
stop	profiler/profiler/src/org/netbeans/modules/profiler/impl/icons/stop.png
stop	ide/spi.debugger.ui/src/org/netbeans/modules/debugger/resources/actions/Kill.gif
stop	java/refactoring.java/src/org/netbeans/modules/refactoring/java/resources/cancel.png
rerunMod	extide/gradle/src/org/netbeans/modules/gradle/resources/refreshdebug.png
rerunMod	extide/o.apache.tools.ant.module/src/org/apache/tools/ant/module/resources/rerun-mod.png
rerunMod	java/java.openjdk.project/src/org/netbeans/modules/java/openjdk/jtreg/resources/redebug.png
rerunMod	java/maven/src/org/netbeans/modules/maven/execute/refreshdebug.png
rerun	extide/gradle/src/org/netbeans/modules/gradle/resources/refresh.png
rerun	extide/o.apache.tools.ant.module/src/org/apache/tools/ant/module/resources/rerun.png
rerun	ide/docker.ui/src/org/netbeans/modules/docker/ui/resources/action_rerun.png
rerun	ide/extexecution/src/org/netbeans/modules/extexecution/resources/rerun.png
rerun	ide/gsf.testrunner/src/org/netbeans/modules/gsf/testrunner/resources/rerun.png
rerun	ide/projectui/src/org/netbeans/modules/project/ui/resources/rerun.png
rerun	java/java.openjdk.project/src/org/netbeans/modules/java/openjdk/jtreg/resources/rerun.png
rerun	java/maven/src/org/netbeans/modules/maven/execute/refresh.png
rerun	rust/rust.cargo/src/org/netbeans/modules/rust/cargo/output/resources/rerun.png
continue	ide/spi.debugger.ui/src/org/netbeans/modules/debugger/resources/actions/Continue.gif
pause	ide/spi.debugger.ui/src/org/netbeans/modules/debugger/resources/actions/Pause.gif
pause	profiler/profiler/src/org/netbeans/modules/profiler/impl/icons/pause.png
debugProject	ide/spi.debugger.ui/src/org/netbeans/modules/debugger/resources/debugProject.png
fix	ide/spi.debugger.ui/src/org/netbeans/modules/debugger/resources/actions/Fix.gif
runToCursor	ide/spi.debugger.ui/src/org/netbeans/modules/debugger/resources/actions/RunToCursor.gif
stepInto	ide/spi.debugger.ui/src/org/netbeans/modules/debugger/resources/actions/StepInto.gif
stepOut	ide/spi.debugger.ui/src/org/netbeans/modules/debugger/resources/actions/StepOut.gif
stepOver	ide/spi.debugger.ui/src/org/netbeans/modules/debugger/resources/actions/StepOver.gif
stepOverOperation	ide/spi.debugger.ui/src/org/netbeans/modules/debugger/resources/actions/StepOverOperation.gif
stepOverOperation	java/debugger.jpda.ui/src/org/netbeans/modules/debugger/jpda/resources/ExprArguments.gif
debugCamera	java/debugger.jpda.visual/src/org/netbeans/modules/debugger/jpda/visual/resources/debugCamera.png
xmlTag	ide/xml.text/src/org/netbeans/modules/xml/text/navigator/resources/tag.png
xmlTag	webcommon/web.inspect/src/org/netbeans/modules/web/inspect/resources/domElement.png
xmlElement	ide/xml.schema.completion/src/org/netbeans/modules/xml/schema/completion/resources/element.png
xmlElement	java/maven.grammar/src/org/netbeans/modules/maven/grammar/element.png
buildPlanGoals	java/maven/src/org/netbeans/modules/maven/execute/ui/buildplangoals.png
taskList	ide/tasklist.ui/src/org/netbeans/modules/tasklist/ui/resources/taskList.png
testForm	java/form/src/org/netbeans/modules/form/resources/test_form.png
javadocAction	java/java.navigation/src/org/netbeans/modules/java/navigation/resources/javadoc_action.png
javadocAction	java/java.navigation/src/org/netbeans/modules/java/navigation/resources/javadoc_open.png
navigator	ide/spi.navigator/src/org/netbeans/modules/navigator/resources/navigator.png
fileMainClass	java/java.project.ui/src/org/netbeans/modules/java/project/ui/resources/main-class.png
fileMainClass	java/java.source/src/org/netbeans/modules/java/resources/main-class.png
fileApplet	java/form/src/org/netbeans/modules/form/resources/applet.gif
fileApplet	java/form/src/org/netbeans/modules/form/resources/dialog.gif
fileApplet	java/form/src/org/netbeans/modules/form/resources/form.gif
fileApplet	java/form/src/org/netbeans/modules/form/resources/frame.gif
fileAnnotation	java/java.project.ui/src/org/netbeans/spi/java/project/support/ui/templates/annotation.png
fileAnnotation	java/java.project/src/org/netbeans/spi/java/project/support/ui/templates/annotation.png
fileAnnotation	java/java.source/src/org/netbeans/modules/java/resources/annotation_file.png
fileAnnotation	nbbuild/javadoctools/siteresource/annotation.png
fileClass	enterprise/websvc.design/src/org/netbeans/modules/websvc/design/resources/class.gif
fileClass	java/java.project.ui/src/org/netbeans/spi/java/project/support/ui/templates/class.png
fileClass	java/java.source/src/org/netbeans/modules/java/resources/class.gif
fileClass	java/java.source/src/org/netbeans/modules/java/resources/class.png
fileClass	nbbuild/javadoctools/siteresource/class.png
fileClass	enterprise/j2ee.ddloaders/src/org/netbeans/modules/j2ee/ddloaders/web/multiview/resources/class.gif
fileClass	ide/xml.multiview/src/org/netbeans/modules/xml/multiview/resources/class.gif
fileEnum	java/java.project.ui/src/org/netbeans/spi/java/project/support/ui/templates/enum.png
fileEnum	java/java.project/src/org/netbeans/spi/java/project/support/ui/templates/enum.png
fileEnum	java/java.source/src/org/netbeans/modules/java/resources/enum_file.png
fileEnum	nbbuild/javadoctools/siteresource/enum.png
fileInterface	java/java.project.ui/src/org/netbeans/spi/java/project/support/ui/templates/interface.png
fileInterface	java/java.project/src/org/netbeans/spi/java/project/support/ui/templates/interface.png
fileInterface	java/java.source/src/org/netbeans/modules/java/resources/interface_file.png
fileInterface	nbbuild/javadoctools/siteresource/interface.png
fileAbstractClass	java/java.source/src/org/netbeans/modules/java/resources/abstract_class_file.png
fileClazz	java/java.source/src/org/netbeans/modules/java/resources/clazz.gif
filePlain	java/refactoring.java/src/org/netbeans/modules/refactoring/java/resources/newFile.png
filePlain	platform/openide.nodes/src/org/openide/nodes/defaultNode.png
filePlain	platform/templates/src/org/netbeans/modules/templates/resources/newFile.png
filePlain	profiler/profiler.ppoints/src/org/netbeans/modules/profiler/ppoints/ui/icons/globalProfilingPoint.png
filePlain	ide/tasklist.ui/src/org/netbeans/modules/tasklist/ui/resources/cur_editor_scope.png
filePlain	ide/csl.api/src/org/netbeans/modules/csl/source/resources/icons/emptyfile-icon.png
fileXML	ide/xml/src/org/netbeans/modules/xml/resources/xmlObject.gif
fileXML	java/maven.grammar/src/org/netbeans/modules/maven/grammar/xmlObject.gif
fileXML	java/xml.jaxb/src/org/netbeans/modules/xml/jaxb/resources/XML_file.png
filesTab	ide/projectui/src/org/netbeans/modules/project/ui/resources/filesTab.png
newFile	ide/projectui/src/org/netbeans/modules/project/ui/resources/newFile.png
newProject	apisupport/apisupport.wizards/src/org/netbeans/modules/apisupport/project/ui/wizard/project/newProject.png
newProject	ide/projectui/src/org/netbeans/modules/project/ui/resources/newProject.png
openProject	ergonomics/ide.ergonomics/src/org/netbeans/modules/ide/ergonomics/fod/project.png
openProject	ide/projectui/src/org/netbeans/modules/project/ui/resources/openProject.png
projectTab	ide/projectui/src/org/netbeans/modules/project/ui/resources/projectTab.png
projectTab	ide/utilities.project/src/org/netbeans/modules/search/project/resources/all_projects.png
projectTab	java/refactoring.java/src/org/netbeans/modules/refactoring/java/resources/all_projects.png
jshellCommand	java/jshell.support/src/org/netbeans/modules/jshell/resources/jshell-command.png
jshellCommand	java/jshell.support/src/org/netbeans/modules/jshell/resources/jshell-terminal.png
mavenNBM	apisupport/maven.apisupport/src/org/netbeans/modules/maven/apisupport/nbmicon.png
mavenSuite	apisupport/maven.apisupport/src/org/netbeans/modules/maven/apisupport/suiteicon.png
maven	java/maven.grammar/src/org/netbeans/modules/maven/grammar/Maven2Icon.gif
maven	java/maven/src/org/netbeans/modules/maven/resources/Maven2Icon.gif
mavenRepoBrowser	java/maven.repository/src/org/netbeans/modules/maven/repository/MavenRepoBrowser.png
mavenJar	java/java.lsp.server/nbcode/integration/src/org/netbeans/modules/nbcode/integration/resources/jaricon.png
mavenJar	java/maven/src/org/netbeans/modules/maven/resources/jaricon.png
mavenJar	javafx/javafx2.kit/src/org/netbeans/modules/javafx2/kit/resources/jaricon.png
j2seProject	java/java.examples/src/org/netbeans/modules/java/examples/resources/j2seProject.gif
j2seProject	java/java.j2seproject/src/org/netbeans/modules/java/j2seproject/ui/resources/j2seProject.png
j2seProject	java/java.openjdk.project/src/org/netbeans/modules/java/openjdk/project/resources/jdk-project.png
jarEmpty	extide/gradle/src/org/netbeans/modules/gradle/resources/empty.png
jarEmpty	java/maven.grammar/src/org/netbeans/modules/maven/codegen/empty.png
jarEmpty	java/maven.hints/src/org/netbeans/modules/maven/hints/empty.png
jarEmpty	java/maven.repository/src/org/netbeans/modules/maven/repository/empty.png
jarEmpty	java/maven/src/org/netbeans/modules/maven/TransitiveDependencyIcon.png
jarEmpty	java/maven/src/org/netbeans/modules/maven/resources/empty.png
jar	java/maven/src/org/netbeans/modules/maven/DependencyIcon.png
jar	java/maven/src/org/netbeans/modules/maven/spi/nodes/DependencyJar.gif
jar	apisupport/apisupport.project/src/org/netbeans/modules/apisupport/project/ui/resources/jar.gif
jar	enterprise/j2ee.earproject/src/org/netbeans/modules/j2ee/earproject/ui/resources/jar.gif
jar	enterprise/javaee.project/src/org/netbeans/modules/javaee/project/ui/resources/jar.gif
jar	ide/csl.api/src/org/netbeans/modules/csl/source/resources/icons/jar.gif
jar	java/java.api.common/src/org/netbeans/modules/java/api/common/project/ui/resources/jar.gif
jar	java/java.j2seplatform/src/org/netbeans/modules/java/j2seplatform/resources/jar.png
jar	java/java.j2seplatform/src/org/netbeans/modules/java/jarloader/jar.gif
jar	java/java.j2seproject/src/org/netbeans/modules/java/j2seproject/ui/resources/jar.gif
jar	java/java.project.ui/src/org/netbeans/modules/java/project/ui/resources/jar.gif
jar	java/java.source/src/org/netbeans/modules/java/source/resources/icons/jar.gif
jar	java/javawebstart/src/org/netbeans/modules/javawebstart/resources/jar.gif
jar	java/jshell.support/src/org/netbeans/modules/jshell/resources/jar.png
jar	profiler/profiler/src/org/netbeans/modules/profiler/impl/icons/jar.png
splitView	platform/core.multiview/src/org/netbeans/core/multiview/resources/splitview.png
selfSampler	platform/core.ui/src/org/netbeans/core/ui/sampler/selfSampler.png
selfSamplerRunning	platform/core.ui/src/org/netbeans/core/ui/sampler/selfSamplerRunning.png
selfSamplerPause	platform/masterfs.ui/src/org/netbeans/modules/masterfs/ui/suspend/pause.png
favorites	platform/favorites/src/org/netbeans/modules/favorites/resources/actionView.png
saveAll	platform/openide.loaders/src/org/openide/loaders/saveAll.gif
bugtrackingDashboard	ide/bugtracking/src/org/netbeans/modules/bugtracking/tasks/resources/dashboard.png
sysinfo	apisupport/apisupport.project/src/org/netbeans/modules/apisupport/project/ui/resources/platform.gif
sysinfo	enterprise/javaee.project/src/org/netbeans/modules/javaee/project/ui/resources/platform.gif
sysinfo	java/java.api.common/src/org/netbeans/modules/java/api/common/project/ui/resources/platform.gif
sysinfo	java/java.j2seembedded/src/org/netbeans/modules/java/j2seembedded/resources/platform.gif
sysinfo	java/java.j2seplatform/src/org/netbeans/modules/java/j2seplatform/resources/platform.gif
sysinfo	java/java.j2seproject/src/org/netbeans/modules/java/j2seproject/ui/resources/platform.gif
sysinfo	java/java.platform.ui/src/org/netbeans/modules/java/platform/resources/platform.gif
sysinfo	profiler/profiler.heapwalker/src/org/netbeans/modules/profiler/heapwalk/ui/icons/impl/sysinfo.png
resetResultsProfilingPoint	profiler/profiler.ppoints/src/org/netbeans/modules/profiler/ppoints/ui/icons/resetResultsProfilingPoint.png
resetResultsProfilingPoint	profiler/profiler/src/org/netbeans/modules/profiler/impl/icons/resetResults.png
profilerAttach	profiler/profiler/src/org/netbeans/modules/profiler/impl/icons/attach.png
profile	profiler/profiler/src/org/netbeans/modules/profiler/impl/icons/controlPanel.gif
profile	profiler/profiler/src/org/netbeans/modules/profiler/impl/icons/controlPanelWindow.gif
profile	profiler/profiler/src/org/netbeans/modules/profiler/impl/icons/profile.png
profile	profiler/profiler/src/org/netbeans/modules/profiler/impl/icons/profileRunning.png
backTraces	profiler/profiler/src/org/netbeans/modules/profiler/impl/icons/backTracesTab.png
backTraces	profiler/profiler/src/org/netbeans/modules/profiler/impl/icons/reverseNode.png
backTraces	profiler/profiler/src/org/netbeans/modules/profiler/impl/icons/stackTracesTab.png
forwardTraces	profiler/profiler/src/org/netbeans/modules/profiler/impl/icons/forwardNode.png
xmlValue	ide/xml.schema.completion/src/org/netbeans/modules/xml/schema/completion/resources/value.png
xmlValue	java/maven.grammar/src/org/netbeans/modules/maven/grammar/value.png
annotation	ide/csl.api/src/org/netbeans/modules/csl/source/resources/icons/annotation.png
annotation	ide/editor/src/org/netbeans/modules/editor/resources/completion/annotation_type.png
annotation	java/java.source/src/org/netbeans/modules/java/source/resources/icons/annotation.png
annotation	java/javadoc/src/org/netbeans/modules/javadoc/resources/annotation_type.gif
class	groovy/groovy.editor/src/org/netbeans/modules/groovy/editor/resources/class.png
class	ide/csl.api/src/org/netbeans/modules/csl/source/resources/icons/class.png
class	ide/editor/src/org/netbeans/modules/editor/resources/completion/class_16.png
class	ide/editor/src/org/netbeans/modules/editor/resources/completion/record.png
class	ide/jumpto/src/org/netbeans/modules/jumpto/type/sample.png
class	ide/lsp.client/src/org/netbeans/modules/lsp/client/bindings/icons/class.png
class	ide/lsp.client/src/org/netbeans/modules/lsp/client/bindings/icons/struct.png
class	java/java.source/src/org/netbeans/modules/java/source/resources/icons/class.png
class	java/java.source/src/org/netbeans/modules/java/source/resources/icons/record.png
class	javafx/javafx2.editor/src/org/netbeans/modules/javafx2/editor/resources/class.png
class	php/php.dbgp/src/org/netbeans/modules/php/dbgp/resources/class.png
class	php/php.editor/src/org/netbeans/modules/php/editor/resources/class.png
class	profiler/profiler/src/org/netbeans/modules/profiler/impl/icons/class.png
class	ide/csl.api/src/org/netbeans/modules/csl/source/resources/icons/class.gif
class	java/debugger.jpda.ui/src/org/netbeans/modules/debugger/jpda/resources/class.gif
class	java/java.source/src/org/netbeans/modules/java/source/resources/icons/class.gif
class	javafx/javafx2.editor/src/org/netbeans/modules/javafx2/editor/resources/class.gif
class	enterprise/web.core.syntax/src/org/netbeans/modules/web/core/syntax/completion/resources/class_16.png
class	enterprise/web.el/src/org/netbeans/modules/web/el/completion/resources/class_16.png
class	ide/gsf.testrunner/src/org/netbeans/modules/gsf/testrunner/resources/class.gif
class	ide/languages/src/org/netbeans/modules/languages/resources/class.gif
class	ide/spi.debugger.ui/src/org/netbeans/modules/debugger/resources/classesView/Classes.png
enum	groovy/groovy.editor/src/org/netbeans/modules/groovy/editor/resources/enum.png
enum	ide/csl.api/src/org/netbeans/modules/csl/source/resources/icons/enum.png
enum	ide/editor/src/org/netbeans/modules/editor/resources/completion/enum.png
enum	ide/lsp.client/src/org/netbeans/modules/lsp/client/bindings/icons/enum.png
enum	java/java.source/src/org/netbeans/modules/java/source/resources/icons/enum.png
enum	java/javadoc/src/org/netbeans/modules/javadoc/resources/enum.gif
enum	php/php.editor/src/org/netbeans/modules/php/editor/resources/enum.png
enum	ide/csl.api/src/org/netbeans/modules/csl/source/resources/icons/enum.gif
enum	java/java.source/src/org/netbeans/modules/java/source/resources/icons/enum.gif
enum	enterprise/web.core.syntax/src/org/netbeans/modules/web/core/syntax/completion/resources/map_16.png
enum	enterprise/web.el/src/org/netbeans/modules/web/el/completion/resources/map_16.png
enum	javafx/javafx2.editor/src/org/netbeans/modules/javafx2/editor/resources/map-property.png
fqn	java/java.navigation/src/org/netbeans/modules/java/navigation/resources/fqn.png
sourcesBadge8x8	extide/gradle/src/org/netbeans/modules/gradle/resources/sources-badge.png
sourcesBadge8x8	java/java.api.common/src/org/netbeans/modules/java/api/common/project/ui/resources/jarSourceBadge.png
sourcesBadge8x8	java/java.j2seproject/src/org/netbeans/modules/java/j2seproject/ui/resources/jarSourceBadge.png
sourcesBadge8x8	java/maven/src/org/netbeans/modules/maven/DependencySrcIncluded.png
sourcesBadge8x8	rust/rust.project.api/src/org/netbeans/modules/rust/project/api/sources-badge.png
packageSmaller	java/java.navigation/src/org/netbeans/modules/java/navigation/resources/package.gif
packageSmaller	ide/spi.debugger.ui/src/org/netbeans/modules/debugger/resources/watchesView/PackageModifier.gif
packageSmaller	java/javadoc/src/org/netbeans/modules/javadoc/comments/resources/package.gif
package	ide/code.analysis/src/org/netbeans/modules/analysis/ui/resources/package.gif
package	java/java.project.ui/src/org/netbeans/spi/java/project/support/ui/package.gif
package	groovy/groovy.editor/src/org/netbeans/modules/groovy/editor/resources/package.gif
package	ide/csl.api/src/org/netbeans/modules/csl/source/resources/icons/package.gif
package	java/debugger.jpda.ui/src/org/netbeans/modules/debugger/jpda/resources/completion_package.gif
package	java/java.editor/src/org/netbeans/modules/java/editor/resources/package.gif
package	java/java.source/src/org/netbeans/modules/java/source/resources/icons/package.gif
package	javafx/javafx2.editor/src/org/netbeans/modules/javafx2/editor/resources/package.gif
package	profiler/profiler/src/org/netbeans/modules/profiler/impl/icons/package.png
package	ide/spi.debugger.ui/src/org/netbeans/modules/debugger/resources/debuggingView/show_fqn_option_16.png
packageEmpty	java/java.project.ui/src/org/netbeans/spi/java/project/support/ui/packageEmpty.gif
packageEmpty	java/java.source/src/org/netbeans/modules/java/source/resources/icons/package-empty.gif
packageEmpty	ide/csl.api/src/org/netbeans/modules/csl/source/resources/icons/package-empty.gif
packagePrivate	java/java.project.ui/src/org/netbeans/spi/java/project/support/ui/packagePrivate.gif
packagePublic	java/java.project.ui/src/org/netbeans/spi/java/project/support/ui/packagePublic.gif
filterHideNonPublic	java/java.navigation/src/org/netbeans/modules/java/navigation/resources/filterHideNonPublic.png
filterHideNonPublic	java/refactoring.java/src/org/netbeans/modules/refactoring/java/resources/filterHideNonPublic.png
private	java/java.navigation/src/org/netbeans/modules/java/navigation/resources/private.gif
privateBadge	java/java.project.ui/src/org/netbeans/spi/java/project/support/ui/privateBadge.gif
publicBadge	java/java.project.ui/src/org/netbeans/spi/java/project/support/ui/publicBadge.gif
constantPublic	ide/csl.api/src/org/netbeans/modules/csl/source/resources/icons/constantPublic.png
constantPublic	ide/lsp.client/src/org/netbeans/modules/lsp/client/bindings/icons/constant.png
constantPublic	java/java.source/src/org/netbeans/modules/java/source/resources/icons/constant.gif
constantPublic	java/java.source/src/org/netbeans/modules/java/source/resources/icons/constant.png
constantPublic	php/php.editor/src/org/netbeans/modules/php/editor/resources/constant.png
constructorPackage	ide/csl.api/src/org/netbeans/modules/csl/source/resources/icons/constructorPackage.png
constructorPackage	ide/csl.api/src/org/netbeans/modules/csl/source/resources/icons/constructorStaticPackage.png
constructorPackage	ide/editor/src/org/netbeans/modules/editor/resources/completion/constructor_package_private_16.png
constructorPackage	java/java.source/src/org/netbeans/modules/java/source/resources/icons/constructorPackage.png
constructorPackage	profiler/profiler/src/org/netbeans/modules/profiler/impl/icons/constructorPackage.png
constructorPrivate	ide/csl.api/src/org/netbeans/modules/csl/source/resources/icons/constructorPrivate.png
constructorPrivate	ide/csl.api/src/org/netbeans/modules/csl/source/resources/icons/constructorStaticPrivate.png
constructorPrivate	ide/editor/src/org/netbeans/modules/editor/resources/completion/constructor_private_16.png
constructorPrivate	java/java.source/src/org/netbeans/modules/java/source/resources/icons/constructorPrivate.png
constructorPrivate	profiler/profiler/src/org/netbeans/modules/profiler/impl/icons/constructorPrivate.png
constructorProtected	ide/csl.api/src/org/netbeans/modules/csl/source/resources/icons/constructorProtected.png
constructorProtected	ide/csl.api/src/org/netbeans/modules/csl/source/resources/icons/constructorStaticProtected.png
constructorProtected	ide/editor/src/org/netbeans/modules/editor/resources/completion/constructor_protected_16.png
constructorProtected	java/java.source/src/org/netbeans/modules/java/source/resources/icons/constructorProtected.png
constructorProtected	profiler/profiler/src/org/netbeans/modules/profiler/impl/icons/constructorProtected.png
constructorPublic	ide/csl.api/src/org/netbeans/modules/csl/source/resources/icons/constructorPublic.png
constructorPublic	ide/csl.api/src/org/netbeans/modules/csl/source/resources/icons/constructorStaticPublic.png
constructorPublic	ide/editor/src/org/netbeans/modules/editor/resources/completion/constructor_16.png
constructorPublic	ide/lsp.client/src/org/netbeans/modules/lsp/client/bindings/icons/constructor.png
constructorPublic	java/java.source/src/org/netbeans/modules/java/source/resources/icons/constructorPublic.png
initializerStatic	profiler/profiler/src/org/netbeans/modules/profiler/impl/icons/initializerSt.png
primitive	profiler/profiler/src/org/netbeans/modules/profiler/impl/icons/primitive.png
variables	profiler/profiler/src/org/netbeans/modules/profiler/impl/icons/variables.png
filterHideFields	java/java.navigation/src/org/netbeans/modules/java/navigation/resources/filterHideFields.png
filterHideFields	java/refactoring.java/src/org/netbeans/modules/refactoring/java/resources/filterHideFields.png
fieldPackage	ide/csl.api/src/org/netbeans/modules/csl/source/resources/icons/fieldPackage.png
fieldPackage	ide/editor/src/org/netbeans/modules/editor/resources/completion/field_package_private_16.png
fieldPackage	java/java.source/src/org/netbeans/modules/java/source/resources/icons/fieldPackage.png
fieldPackage	profiler/profiler/src/org/netbeans/modules/profiler/impl/icons/variablePackage.png
fieldPrivate	ide/csl.api/src/org/netbeans/modules/csl/source/resources/icons/fieldPrivate.png
fieldPrivate	ide/editor/src/org/netbeans/modules/editor/resources/completion/field_private_16.png
fieldPrivate	java/java.source/src/org/netbeans/modules/java/source/resources/icons/fieldPrivate.png
fieldPrivate	java/java.source/src/org/netbeans/modules/java/source/resources/icons/recordComponent.png
fieldPrivate	php/php.editor/src/org/netbeans/modules/php/editor/resources/fieldPrivate.png
fieldPrivate	profiler/profiler/src/org/netbeans/modules/profiler/impl/icons/variablePrivate.png
fieldProtected	ide/csl.api/src/org/netbeans/modules/csl/source/resources/icons/fieldProtected.png
fieldProtected	ide/editor/src/org/netbeans/modules/editor/resources/completion/field_protected_16.png
fieldProtected	java/java.source/src/org/netbeans/modules/java/source/resources/icons/fieldProtected.png
fieldProtected	php/php.editor/src/org/netbeans/modules/php/editor/resources/fieldProtected.png
fieldProtected	profiler/profiler/src/org/netbeans/modules/profiler/impl/icons/variableProtected.png
fieldPublic	ide/csl.api/src/org/netbeans/modules/csl/source/resources/icons/fieldPublic.png
fieldPublic	ide/editor/src/org/netbeans/modules/editor/resources/completion/field_16.png
fieldPublic	ide/lsp.client/src/org/netbeans/modules/lsp/client/bindings/icons/enummember.png
fieldPublic	ide/lsp.client/src/org/netbeans/modules/lsp/client/bindings/icons/field.png
fieldPublic	ide/lsp.client/src/org/netbeans/modules/lsp/client/bindings/icons/property.png
fieldPublic	java/java.source/src/org/netbeans/modules/java/source/resources/icons/fieldPublic.png
fieldPublic	javafx/javafx2.editor/src/org/netbeans/modules/javafx2/editor/resources/property.png
fieldPublic	php/php.editor/src/org/netbeans/modules/php/editor/resources/fieldPublic.png
fieldPublic	profiler/profiler/src/org/netbeans/modules/profiler/impl/icons/variablePublic.png
localVariable	ide/css.prep/src/org/netbeans/modules/css/prep/editor/resources/localVariable.gif
localVariable	ide/editor/src/org/netbeans/modules/editor/resources/completion/localVariable.gif
localVariable	ide/lsp.client/src/org/netbeans/modules/lsp/client/bindings/icons/typeparameter.gif
localVariable	ide/lsp.client/src/org/netbeans/modules/lsp/client/bindings/icons/variable.gif
fieldStatic	enterprise/websvc.core/src/org/netbeans/modules/websvc/editor/completion/resources/field_static_16.png
fieldStatic	ide/csl.api/src/org/netbeans/modules/csl/source/resources/icons/fieldStaticPublic.png
fieldStatic	ide/editor/src/org/netbeans/modules/editor/resources/completion/field_static_16.png
fieldStatic	java/java.source/src/org/netbeans/modules/java/source/resources/icons/fieldStaticPublic.png
fieldStatic	javafx/javafx2.editor/src/org/netbeans/modules/javafx2/editor/resources/property-static.png
fieldStaticPackage	ide/csl.api/src/org/netbeans/modules/csl/source/resources/icons/fieldStaticPackage.png
fieldStaticPackage	ide/editor/src/org/netbeans/modules/editor/resources/completion/field_static_package_private_16.png
fieldStaticPackage	java/java.source/src/org/netbeans/modules/java/source/resources/icons/fieldStaticPackage.png
fieldStaticPrivate	ide/csl.api/src/org/netbeans/modules/csl/source/resources/icons/fieldStaticPrivate.png
fieldStaticPrivate	ide/editor/src/org/netbeans/modules/editor/resources/completion/field_static_private_16.png
fieldStaticPrivate	java/java.source/src/org/netbeans/modules/java/source/resources/icons/fieldStaticPrivate.png
fieldStaticProtected	ide/csl.api/src/org/netbeans/modules/csl/source/resources/icons/fieldStaticProtected.png
fieldStaticProtected	ide/editor/src/org/netbeans/modules/editor/resources/completion/field_static_protected_16.png
fieldStaticProtected	java/java.source/src/org/netbeans/modules/java/source/resources/icons/fieldStaticProtected.png
filterHideStatic	java/java.navigation/src/org/netbeans/modules/java/navigation/resources/filterHideStatic.png
methodPackage	ide/csl.api/src/org/netbeans/modules/csl/source/resources/icons/methodPackage.png
methodPackage	ide/editor/src/org/netbeans/modules/editor/resources/completion/method_package_private_16.png
methodPackage	java/java.source/src/org/netbeans/modules/java/source/resources/icons/methodPackage.png
methodPackage	profiler/profiler/src/org/netbeans/modules/profiler/impl/icons/methodPackage.png
methodPrivate	ide/csl.api/src/org/netbeans/modules/csl/source/resources/icons/methodPrivate.png
methodPrivate	ide/editor/src/org/netbeans/modules/editor/resources/completion/method_private_16.png
methodPrivate	java/java.source/src/org/netbeans/modules/java/source/resources/icons/methodPrivate.png
methodPrivate	profiler/profiler/src/org/netbeans/modules/profiler/impl/icons/methodPrivate.png
methodProtected	ide/csl.api/src/org/netbeans/modules/csl/source/resources/icons/methodProtected.png
methodProtected	ide/editor/src/org/netbeans/modules/editor/resources/completion/method_protected_16.png
methodProtected	java/java.source/src/org/netbeans/modules/java/source/resources/icons/methodProtected.png
methodProtected	php/php.editor/src/org/netbeans/modules/php/editor/resources/methodProtected.png
methodProtected	profiler/profiler/src/org/netbeans/modules/profiler/impl/icons/methodProtected.png
methodPublic	ide/csl.api/src/org/netbeans/modules/csl/source/resources/icons/methodPublic.png
methodPublic	ide/editor/src/org/netbeans/modules/editor/resources/completion/method_16.png
methodPublic	ide/hudson/src/org/netbeans/modules/hudson/resources/red.png
methodPublic	ide/lsp.client/src/org/netbeans/modules/lsp/client/bindings/icons/function.png
methodPublic	ide/lsp.client/src/org/netbeans/modules/lsp/client/bindings/icons/method.png
methodPublic	ide/lsp.client/src/org/netbeans/modules/lsp/client/bindings/icons/operator.png
methodPublic	java/java.source/src/org/netbeans/modules/java/source/resources/icons/methodPublic.png
methodPublic	php/php.editor/src/org/netbeans/modules/php/editor/resources/function.png
methodPublic	php/php.editor/src/org/netbeans/modules/php/editor/resources/methodPublic.png
methodPublic	profiler/profiler/src/org/netbeans/modules/profiler/impl/icons/methodPublic.png
protected	java/java.navigation/src/org/netbeans/modules/java/navigation/resources/protected.gif
methodStaticPackage	profiler/profiler/src/org/netbeans/modules/profiler/impl/icons/methodStPackage.png
methodStaticPrivate	ide/csl.api/src/org/netbeans/modules/csl/source/resources/icons/methodStaticPrivate.png
methodStaticPrivate	ide/editor/src/org/netbeans/modules/editor/resources/completion/method_static_private_16.png
methodStaticPrivate	java/java.source/src/org/netbeans/modules/java/source/resources/icons/methodStaticPrivate.png
methodStaticPrivate	profiler/profiler/src/org/netbeans/modules/profiler/impl/icons/methodStPrivate.png
methodStaticProtected	ide/csl.api/src/org/netbeans/modules/csl/source/resources/icons/methodStaticProtected.png
methodStaticProtected	ide/editor/src/org/netbeans/modules/editor/resources/completion/method_static_protected_16.png
methodStaticProtected	java/java.source/src/org/netbeans/modules/java/source/resources/icons/methodStaticProtected.png
methodStaticProtected	php/php.editor/src/org/netbeans/modules/php/editor/resources/methodStaticProtected.png
methodStaticProtected	profiler/profiler/src/org/netbeans/modules/profiler/impl/icons/methodStProtected.png
methodStaticPublic	profiler/profiler/src/org/netbeans/modules/profiler/impl/icons/methodStPublic.png
methodStaticPublic	ide/csl.api/src/org/netbeans/modules/csl/source/resources/icons/methodStaticPublic.png
methodStaticPublic	ide/editor/src/org/netbeans/modules/editor/resources/completion/method_static_16.png
methodStaticPublic	java/java.source/src/org/netbeans/modules/java/source/resources/icons/methodStaticPublic.png
methodStaticPublic	php/php.editor/src/org/netbeans/modules/php/editor/resources/methodStaticPublic.png
methodAbstractPackage	java/java.source/src/org/netbeans/modules/java/source/resources/icons/methodAbstractPackage.png
methodAbstractProtected	java/java.source/src/org/netbeans/modules/java/source/resources/icons/methodAbstractProtected.png
methodAbstractPublic	java/java.source/src/org/netbeans/modules/java/source/resources/icons/methodAbstractPublic.png
methodDefaultPublic	java/java.source/src/org/netbeans/modules/java/source/resources/icons/methodDefaultPublic.png
methodInherited	profiler/profiler/src/org/netbeans/modules/profiler/impl/icons/methodInherited.png
methods	profiler/profiler/src/org/netbeans/modules/profiler/impl/icons/methods.png
instance	profiler/profiler/src/org/netbeans/modules/profiler/impl/icons/instance.png
interface	groovy/groovy.editor/src/org/netbeans/modules/groovy/editor/resources/interface.png
interface	ide/csl.api/src/org/netbeans/modules/csl/source/resources/icons/interface.png
interface	ide/editor/src/org/netbeans/modules/editor/resources/completion/interface.png
interface	ide/lsp.client/src/org/netbeans/modules/lsp/client/bindings/icons/interface.png
interface	java/java.source/src/org/netbeans/modules/java/source/resources/icons/interface.png
interface	php/php.editor/src/org/netbeans/modules/php/editor/resources/interface.png
interface	profiler/profiler/src/org/netbeans/modules/profiler/impl/icons/interface.png
filterHideInherited	java/java.navigation/src/org/netbeans/modules/java/navigation/resources/filterHideInherited.png
filterHideInherited	java/refactoring.java/src/org/netbeans/modules/refactoring/java/resources/filterHideInherited.png
gitAdd	ide/git/src/org/netbeans/modules/git/resources/icons/add.png
gitAdd	ide/mercurial/src/org/netbeans/modules/mercurial/resources/icons/add.png
gitAnnotate	ide/git/src/org/netbeans/modules/git/resources/icons/annotate.png
gitAnnotate	ide/mercurial/src/org/netbeans/modules/mercurial/resources/icons/annotate.png
gitAnnotate	ide/subversion/src/org/netbeans/modules/subversion/resources/icons/annotate.png
gitCheckout	ide/git/src/org/netbeans/modules/git/resources/icons/checkout.png
gitCheckout	ide/mercurial/src/org/netbeans/modules/mercurial/resources/icons/update.png
gitCheckout	ide/subversion/src/org/netbeans/modules/subversion/resources/icons/update.png
gitCheckout	java/maven/src/org/netbeans/modules/maven/actions/scm/update.png
gitCommit	ide/git/src/org/netbeans/modules/git/resources/icons/commit.png
gitCommit	ide/mercurial/src/org/netbeans/modules/mercurial/resources/icons/commit.png
gitCommit	ide/subversion/src/org/netbeans/modules/subversion/resources/icons/commit.png
gitConflictResolve	ide/git/src/org/netbeans/modules/git/resources/icons/conflict-resolve.png
gitConflictResolve	ide/mercurial/src/org/netbeans/modules/mercurial/resources/icons/conflict-resolve.png
gitConflictResolve	ide/subversion/src/org/netbeans/modules/subversion/resources/icons/conflict-resolve.png
gitDiff	ide/git/src/org/netbeans/modules/git/resources/icons/diff.png
gitDiff	ide/mercurial/src/org/netbeans/modules/mercurial/resources/icons/diff.png
gitDiff	ide/subversion/src/org/netbeans/modules/subversion/resources/icons/diff.png
gitFetchSetting	ide/git/src/org/netbeans/modules/git/resources/icons/fetch-setting.png
gitFetchSetting	ide/mercurial/src/org/netbeans/modules/mercurial/resources/icons/pull-setting.png
gitFetch	ide/git/src/org/netbeans/modules/git/resources/icons/fetch.png
gitFetch	ide/mercurial/src/org/netbeans/modules/mercurial/resources/icons/pull.png
gitFetch	java/maven.indexer.ui/src/org/netbeans/modules/maven/indexer/fetch.png
gitGetClean	ide/git/src/org/netbeans/modules/git/resources/icons/get_clean.png
gitGetClean	ide/mercurial/src/org/netbeans/modules/mercurial/resources/icons/get_clean.png
gitGetClean	ide/subversion/src/org/netbeans/modules/subversion/resources/icons/get_clean.png
gitPullSetting	ide/git/src/org/netbeans/modules/git/resources/icons/pull-setting.png
gitPull	ide/git/src/org/netbeans/modules/git/resources/icons/pull.png
gitPull	ide/mercurial/src/org/netbeans/modules/mercurial/resources/icons/fetch.png
gitPushSetting	ide/git/src/org/netbeans/modules/git/resources/icons/push-setting.png
gitPushSetting	ide/mercurial/src/org/netbeans/modules/mercurial/resources/icons/push-setting.png
gitPush	ide/git/src/org/netbeans/modules/git/resources/icons/push.png
gitPush	ide/mercurial/src/org/netbeans/modules/mercurial/resources/icons/push.png
gitSearchHistory	ide/git/src/org/netbeans/modules/git/resources/icons/search_history.png
gitSearchHistory	ide/mercurial/src/org/netbeans/modules/mercurial/resources/icons/search_history.png
gitSearchHistory	ide/subversion/src/org/netbeans/modules/subversion/resources/icons/search_history.png
gitShowChanges	ide/git/src/org/netbeans/modules/git/resources/icons/show_changes.png
gitShowChanges	ide/mercurial/src/org/netbeans/modules/mercurial/resources/icons/show_changes.png
gitShowChanges	ide/subversion/src/org/netbeans/modules/subversion/resources/icons/show_changes.png
iconStaticPackage	ide/csl.api/src/org/netbeans/modules/csl/source/resources/icons/methodStaticPackage.png
iconStaticPackage	ide/editor/src/org/netbeans/modules/editor/resources/completion/method_static_package_private_16.png
iconStaticPackage	java/java.source/src/org/netbeans/modules/java/source/resources/icons/methodStaticPackage.png
gearGrey	ide/spi.debugger.ui/src/org/netbeans/modules/debugger/resources/threadsView/thread_zombie_16.png
speechBubble	ide/editor.codetemplates/src/org/netbeans/lib/editor/codetemplates/resources/code_template.png
speechBubble	platform/o.n.core/src/org/netbeans/core/resources/log-file.gif
speechBubble	ide/spi.debugger.ui/src/org/netbeans/modules/debugger/resources/actions/Comment.png
link	contrib/form.j2ee/src/org/netbeans/modules/form/j2ee/resources/binding.gif
link	javafx/javafx2.editor/src/org/netbeans/modules/javafx2/editor/resources/variable_ref.png
link	ide/html/src/org/netbeans/modules/html/palette/items/resources/A16.png
link	webcommon/web.inspect/src/org/netbeans/modules/web/inspect/resources/binding.png
link	java/form/src/org/netbeans/modules/form/layoutsupport/griddesigner/resources/gridx_relative.png
